#FusionName	num_LR	LeftGene	LeftLocalBreakpoint	LeftBreakpoint	RightGene	RightLocalBreakpoint	RightBreakpoint	SpliceType	LR_FFPM	annots	max_LR_FFPM	frac_dom_iso	above_frac_dom_iso
JKAMP--TRAV35	193	JKAMP	4386	chr14:59487828:+	TRAV35	14096	chr14:22222192:+	ONLY_REF_SPLICE	19.3	["CCLE_StarF2019","INTRACHROMOSOMAL[chr14:37.26Mb]"]	19.3	1.0	True
CTD-2008L17.1--RP11-456O19.2	102	CTD-2008L17.1	1405	chr18:55893442:+	RP11-456O19.2	15417	chr18:56096075:+	ONLY_REF_SPLICE	10.2	["INTRACHROMOSOMAL[chr18:0.02Mb]","NEIGHBORS[18613]"]	10.2	1.0	True
RP11-96H19.1--RP11-446N19.1	29	RP11-96H19.1	2709	chr12:46387972:+	RP11-446N19.1	12597	chr12:46652390:+	ONLY_REF_SPLICE	2.9	["INTRACHROMOSOMAL[chr12:0.12Mb]"]	2.9	1.0	True
SF3A1--HORMAD2-AS1	17	SF3A1	3954	chr22:30346312:-	HORMAD2-AS1	23716	chr22:30040278:-	ONLY_REF_SPLICE	1.7	["CCLE_StarF2019","INTRACHROMOSOMAL[chr22:0.25Mb]"]	1.7	1.0	True
TMEM179B--SPTLC2	9	TMEM179B	1113	chr11:62787527:+	SPTLC2	21606	chr14:77512403:-	ONLY_REF_SPLICE	0.9	["INTERCHROMOSOMAL[chr11--chr14]"]	0.9	1.0	True
EIF2S1--NBEAP3	7	EIF2S1	3739	chr14:67365008:+	NBEAP3	17222	chr22:15859109:+	INCL_NON_REF_SPLICE	0.7	["INTERCHROMOSOMAL[chr14--chr22]"]	0.7	1.0	True
RPRD1A--RAB31	7	RPRD1A	1323	chr18:36067254:-	RAB31	38667	chr18:9859228:+	ONLY_REF_SPLICE	0.7	["INTRACHROMOSOMAL[chr18:26.12Mb]"]	0.7	1.0	True
NUP107--DCAF13	6	NUP107	4643	chr12:68690746:+	DCAF13	49226	chr8:103442795:+	ONLY_REF_SPLICE	0.6	["INTERCHROMOSOMAL[chr12--chr8]"]	0.6	1.0	True
PSMA3-AS1--RP11-543P15.1	6	PSMA3-AS1	10731	chr14:58273938:-	RP11-543P15.1	19512	chr12:3211873:-	INCL_NON_REF_SPLICE	0.6	["INTERCHROMOSOMAL[chr14--chr12]"]	0.6	1.0	True
PLEKHB2--MGME1	6	PLEKHB2	7976	chr2:131126740:+	MGME1	27269	chr20:17990890:+	INCL_NON_REF_SPLICE	0.6	["INTERCHROMOSOMAL[chr2--chr20]"]	0.6	1.0	True
HSPD1--RPN2	6	HSPD1	4899	chr2:197497338:-	RPN2	34689	chr20:37236659:+	INCL_NON_REF_SPLICE	0.6	["INTERCHROMOSOMAL[chr2--chr20]"]	0.6	1.0	True
FDPS--RPL10A	6	FDPS	6401	chr1:155318910:+	RPL10A	13349	chr6:35470599:+	INCL_NON_REF_SPLICE	0.6	["INTERCHROMOSOMAL[chr1--chr6]"]	0.6	1.0	True
COX8A--TCP1	6	COX8A	2263	chr11:63976299:+	TCP1	13479	chr6:159779226:-	INCL_NON_REF_SPLICE	0.6	["INTERCHROMOSOMAL[chr11--chr6]"]	0.6	1.0	True
COX6A1--RPL26	6	COX6A1	1125	chr12:120438214:+	RPL26	9718	chr17:8379909:-	INCL_NON_REF_SPLICE	0.6	["INTERCHROMOSOMAL[chr12--chr17]"]	0.6	1.0	True
NACA--CTD-2287O16.1	5	NACA	12834	chr12:56714398:-	CTD-2287O16.1	17919	chr5:116052175:-	INCL_NON_REF_SPLICE	0.5	["INTERCHROMOSOMAL[chr12--chr5]"]	0.5	1.0	True
UQCRB--DDOST	5	UQCRB	4732	chr8:96231903:-	DDOST	19650	chr1:20652399:-	INCL_NON_REF_SPLICE	0.5	["INTERCHROMOSOMAL[chr8--chr1]"]	0.5	1.0	True
SCARNA9--PPIA	5	SCARNA9	1300	chr11:93721812:+	PPIA	8820	chr7:44801325:+	INCL_NON_REF_SPLICE	0.5	["INTERCHROMOSOMAL[chr11--chr7]"]	0.5	1.0	True
RPS7--NSMCE4A	5	RPS7	2426	chr2:3576630:+	NSMCE4A	19362	chr10:121959410:-	ONLY_REF_SPLICE	0.5	["INTERCHROMOSOMAL[chr2--chr10]"]	0.5	1.0	True
RPL18A--RPS2P46	5	RPL18A	4145	chr19:17863020:+	RPS2P46	9026	chr17:19446105:-	INCL_NON_REF_SPLICE	0.5	["INTERCHROMOSOMAL[chr19--chr17]"]	0.5	1.0	True
PTRH1--STIM2	5	PTRH1	3763	chr9:127715544:-	STIM2	11882	chr4:26858199:+	ONLY_REF_SPLICE	0.5	["INTERCHROMOSOMAL[chr9--chr4]"]	0.5	1.0	True
SEC11C--NDUFB4	5	SEC11C	10631	chr18:59158694:+	NDUFB4	13951	chr3:120596486:+	INCL_NON_REF_SPLICE	0.5	["INTERCHROMOSOMAL[chr18--chr3]"]	0.5	1.0	True
MTMR12--SUB1	5	MTMR12	1252	chr5:32312758:-	SUB1	31257	chr5:32588512:+	ONLY_REF_SPLICE	0.5	["INTRACHROMOSOMAL[chr5:0.22Mb]"]	0.5	1.0	True
CTD-2270P14.1--ECI1	5	CTD-2270P14.1	1738	chr16:2672707:-	ECI1	21354	chr16:2240145:-	ONLY_REF_SPLICE	0.5	["INTRACHROMOSOMAL[chr16:0.41Mb]"]	0.5	1.0	True
COPS8--SMYD2	5	COPS8	2886	chr2:237087197:+	SMYD2	27352	chr1:214334200:+	ONLY_REF_SPLICE	0.5	["INTERCHROMOSOMAL[chr2--chr1]"]	0.5	1.0	True
CNPY2--TPT1	5	CNPY2	2207	chr12:56315130:-	TPT1	14255	chr13:45337007:-	INCL_NON_REF_SPLICE	0.5	["INTERCHROMOSOMAL[chr12--chr13]"]	0.5	1.0	True
CCT6A--PAGE5	5	CCT6A	1282	chr7:56051911:+	PAGE5	18172	chrX:55223987:+	INCL_NON_REF_SPLICE	0.5	["INTERCHROMOSOMAL[chr7--chrX]"]	0.5	1.0	True
ARRDC3--RNF10	5	ARRDC3	8423	chr5:91374114:-	RNF10	35413	chr12:120576590:+	ONLY_REF_SPLICE	0.5	["INTERCHROMOSOMAL[chr5--chr12]"]	0.5	1.0	True
HIST3H2A--HN1	5	HIST3H2A	1130	chr1:228457744:-	HN1	12223	chr17:75136250:-	INCL_NON_REF_SPLICE	0.5	["INTERCHROMOSOMAL[chr1--chr17]"]	0.5	1.0	True
RPS16--BABAM1	4	RPS16	3719	chr19:39433230:-	BABAM1	14707	chr19:17279010:+	INCL_NON_REF_SPLICE	0.4	["INTRACHROMOSOMAL[chr19:22.15Mb]"]	0.4	1.0	True
SCAMP2--COX6A1	4	SCAMP2	2511	chr15:74854581:-	COX6A1	16070	chr12:120440599:+	INCL_NON_REF_SPLICE	0.4	["INTERCHROMOSOMAL[chr15--chr12]"]	0.4	1.0	True
SAR1B--ZNF622	4	SAR1B	7839	chr5:134620933:-	ZNF622	30045	chr5:16451784:-	ONLY_REF_SPLICE	0.4	["INTRACHROMOSOMAL[chr5:118.14Mb]"]	0.4	1.0	True
RPSA--SRSF1	4	RPSA	2942	chr3:39408630:+	SRSF1	13223	chr17:58003706:-	INCL_NON_REF_SPLICE	0.4	["INTERCHROMOSOMAL[chr3--chr17]"]	0.4	1.0	True
RPL17--MYCBP2	4	RPL17	5086	chr18:49488480:-	MYCBP2	100647	chr13:77044925:-	INCL_NON_REF_SPLICE	0.4	["INTERCHROMOSOMAL[chr18--chr13]"]	0.4	1.0	True
RPL32--CFL1	4	RPL32	4623	chr3:12836139:-	CFL1	15408	chr11:65855055:-	INCL_NON_REF_SPLICE	0.4	["INTERCHROMOSOMAL[chr3--chr11]"]	0.4	1.0	True
RPL23A--NDUFB10	4	RPL23A	2498	chr17:28720890:+	NDUFB10	10098	chr16:1961497:+	ONLY_REF_SPLICE	0.4	["INTERCHROMOSOMAL[chr17--chr16]"]	0.4	1.0	True
SLC30A7--PSMB7	4	SLC30A7	1596	chr1:100896671:+	PSMB7	31760	chr9:124356915:-	ONLY_REF_SPLICE	0.4	["INTERCHROMOSOMAL[chr1--chr9]"]	0.4	1.0	True
RPL11--ATOX1	4	RPL11	1985	chr1:23692763:+	ATOX1	13891	chr5:151746441:-	INCL_NON_REF_SPLICE	0.4	["INTERCHROMOSOMAL[chr1--chr5]"]	0.4	1.0	True
RNA5-8S5--RPL7A	4	RNA5-8S5	4615	chr21:8439978:+	RPL7A	9979	chr9:133350580:+	INCL_NON_REF_SPLICE	0.4	["INTERCHROMOSOMAL[chr21--chr9]"]	0.4	1.0	True
SEC61G--NACA	4	SEC61G	6190	chr7:54752358:-	NACA	22622	chr12:56712908:-	INCL_NON_REF_SPLICE	0.4	["INTERCHROMOSOMAL[chr7--chr12]"]	0.4	1.0	True
STK38--PSMD14	4	STK38	1281	chr6:36547190:-	PSMD14	36136	chr2:161408837:+	ONLY_REF_SPLICE	0.4	["INTERCHROMOSOMAL[chr6--chr2]"]	0.4	1.0	True
SNHG5--RPS4X	4	SNHG5	2301	chr6:85677436:-	RPS4X	14323	chrX:72272772:-	INCL_NON_REF_SPLICE	0.4	["INTERCHROMOSOMAL[chr6--chrX]"]	0.4	1.0	True
SNHG5--TMCO2	4	SNHG5	1783	chr6:85677954:-	TMCO2	12727	chr1:40251283:+	ONLY_REF_SPLICE	0.4	["INTERCHROMOSOMAL[chr6--chr1]"]	0.4	1.0	True
SREBF2--RPL14	4	SREBF2	2341	chr22:41866891:+	RPL14	32921	chr3:40462053:+	INCL_NON_REF_SPLICE	0.4	["INTERCHROMOSOMAL[chr22--chr3]"]	0.4	1.0	True
TAF15--MAZ	4	TAF15	16370	chr17:35844566:+	MAZ	26915	chr16:29810161:+	INCL_NON_REF_SPLICE	0.4	["INTERCHROMOSOMAL[chr17--chr16]"]	0.4	1.0	True
TMEM14B--TAF1D	4	TMEM14B	9876	chr6:10770204:+	TAF1D	29583	chr11:93734660:-	ONLY_REF_SPLICE	0.4	["INTERCHROMOSOMAL[chr6--chr11]"]	0.4	1.0	True
UBL5--EEF2	4	UBL5	1989	chr19:9828880:+	EEF2	15238	chr19:3976300:-	INCL_NON_REF_SPLICE	0.4	["INTRACHROMOSOMAL[chr19:5.84Mb]"]	0.4	1.0	True
VASP--FAU	4	VASP	7922	chr19:45524613:+	FAU	14694	chr11:65121072:-	INCL_NON_REF_SPLICE	0.4	["INTERCHROMOSOMAL[chr19--chr11]"]	0.4	1.0	True
YIPF1--CLPX	4	YIPF1	1928	chr1:53888907:-	CLPX	30154	chr15:65150913:-	ONLY_REF_SPLICE	0.4	["INTERCHROMOSOMAL[chr1--chr15]"]	0.4	1.0	True
ZFR--SUB1	4	ZFR	1533	chr5:32444229:-	SUB1	39645	chr5:32598961:+	ONLY_REF_SPLICE	0.4	["INTRACHROMOSOMAL[chr5:0.09Mb]","LOCAL_INVERSION:-:+:[86872]"]	0.4	1.0	True
ZNF519--COA5	4	ZNF519	2343	chr18:14124350:-	COA5	32237	chr2:98604191:-	ONLY_REF_SPLICE	0.4	["INTERCHROMOSOMAL[chr18--chr2]"]	0.4	1.0	True
PYCR1--MIF	4	PYCR1	6093	chr17:81935017:-	MIF	12839	chr22:23895116:+	INCL_NON_REF_SPLICE	0.4	["INTERCHROMOSOMAL[chr17--chr22]"]	0.4	1.0	True
RAPGEF6--RP1-247F3.1	4	RAPGEF6	3403	chr5:131603271:-	RP1-247F3.1	46898	chr5:131262383:-	INCL_NON_REF_SPLICE	0.4	["INTRACHROMOSOMAL[chr5:0.16Mb]"]	0.4	1.0	True
UBB--RPS11	4	UBB	2413	chr17:16382210:+	RPS11	7501	chr19:49497917:+	INCL_NON_REF_SPLICE	0.4	["INTERCHROMOSOMAL[chr17--chr19]"]	0.4	1.0	True
PFDN5--GUK1	4	PFDN5	1985	chr12:53296275:+	GUK1	15411	chr1:228148706:+	INCL_NON_REF_SPLICE	0.4	["INTERCHROMOSOMAL[chr12--chr1]"]	0.4	1.0	True
DDX5--PSMD3	4	DDX5	3020	chr17:64506180:-	PSMD3	23648	chr17:39997823:+	INCL_NON_REF_SPLICE	0.4	["INTRACHROMOSOMAL[chr17:24.50Mb]"]	0.4	1.0	True
NEDD8--NOP56	4	NEDD8	6280	chr14:24218358:-	NOP56	16571	chr20:2657929:+	INCL_NON_REF_SPLICE	0.4	["INTERCHROMOSOMAL[chr14--chr20]"]	0.4	1.0	True
AK2--ATP6V1F	4	AK2	3055	chr1:33036736:-	ATP6V1F	20876	chr7:128865666:+	INCL_NON_REF_SPLICE	0.4	["INTERCHROMOSOMAL[chr1--chr7]"]	0.4	1.0	True
ALG3--TCHP	4	ALG3	1767	chr3:184248782:-	TCHP	22293	chr12:109916790:+	INCL_NON_REF_SPLICE	0.4	["INTERCHROMOSOMAL[chr3--chr12]"]	0.4	1.0	True
AP3S2--URB1	4	AP3S2	3935	chr15:89889106:-	URB1	66791	chr21:32314212:-	INCL_NON_REF_SPLICE	0.4	["INTERCHROMOSOMAL[chr15--chr21]"]	0.4	1.0	True
ATP5J2--RPL36	4	ATP5J2	2591	chr7:99460130:-	RPL36	14178	chr19:5691532:+	INCL_NON_REF_SPLICE	0.4	["INTERCHROMOSOMAL[chr7--chr19]"]	0.4	1.0	True
BTBD2--MRPL52	4	BTBD2	2258	chr19:2028708:-	MRPL52	23241	chr14:22834172:+	ONLY_REF_SPLICE	0.4	["INTERCHROMOSOMAL[chr19--chr14]"]	0.4	1.0	True
C12orf57--SLC25A6	4	C12orf57	2588	chr12:6944565:+	SLC25A6	11972	chrX:1386353:-	INCL_NON_REF_SPLICE	0.4	["INTERCHROMOSOMAL[chr12--chrY]"]	0.4	1.0	True
CBX3--LRP10	4	CBX3	4245	chr7:26206419:+	LRP10	18861	chr14:22877984:+	INCL_NON_REF_SPLICE	0.4	["INTERCHROMOSOMAL[chr7--chr14]"]	0.4	1.0	True
CD163L1--TXNDC11	4	CD163L1	20275	chr12:7367267:-	TXNDC11	43332	chr16:11679320:-	INCL_NON_REF_SPLICE	0.4	["INTERCHROMOSOMAL[chr12--chr16]"]	0.4	1.0	True
CHIC2--FTH1	4	CHIC2	1183	chr4:54064508:-	FTH1	8836	chr11:61967449:-	INCL_NON_REF_SPLICE	0.4	["INTERCHROMOSOMAL[chr4--chr11]"]	0.4	1.0	True
BTRC--TAF1D	4	BTRC	1196	chr10:101354228:+	TAF1D	35547	chr11:93732291:-	ONLY_REF_SPLICE	0.4	["INTERCHROMOSOMAL[chr10--chr11]"]	0.4	1.0	True
ENO1--RPL19	4	ENO1	4192	chr1:8871924:-	RPL19	20673	chr17:39204604:+	INCL_NON_REF_SPLICE	0.4	["INTERCHROMOSOMAL[chr1--chr17]"]	0.4	1.0	True
LAMP2--UQCRH	4	LAMP2	2290	chrX:120456740:-	UQCRH	21419	chr1:46310155:+	INCL_NON_REF_SPLICE	0.4	["INTERCHROMOSOMAL[chrX--chr1]"]	0.4	1.0	True
NDUFC2--AURKB	4	NDUFC2	2682	chr11:78073101:-	AURKB	13521	chr17:8204904:-	INCL_NON_REF_SPLICE	0.4	["INTERCHROMOSOMAL[chr11--chr17]"]	0.4	1.0	True
FTL--RPS28P7	4	FTL	1173	chr19:48965473:+	RPS28P7	5573	chr11:82689553:+	INCL_NON_REF_SPLICE	0.4	["INTERCHROMOSOMAL[chr19--chr11]"]	0.4	1.0	True
NDUFA1--GLRX5	4	NDUFA1	3716	chrX:119876612:+	GLRX5	11268	chr14:95544592:+	INCL_NON_REF_SPLICE	0.4	["INTERCHROMOSOMAL[chrX--chr14]"]	0.4	1.0	True
MTHFD2--GMFG	4	MTHFD2	2229	chr2:74205752:+	GMFG	20687	chr19:39328535:-	INCL_NON_REF_SPLICE	0.4	["INTERCHROMOSOMAL[chr2--chr19]"]	0.4	1.0	True
MRPS36--HSPE1	4	MRPS36	3489	chr5:69228268:+	HSPE1	10909	chr2:197503039:+	INCL_NON_REF_SPLICE	0.4	["INTERCHROMOSOMAL[chr5--chr2]"]	0.4	1.0	True
LMNB1--SEC61B	4	LMNB1	1622	chr5:126777244:+	SEC61B	18754	chr9:99222546:+	ONLY_REF_SPLICE	0.4	["INTERCHROMOSOMAL[chr5--chr9]"]	0.4	1.0	True
KIAA0368--EPB41L4A-AS1	4	KIAA0368	4477	chr9:111451425:-	EPB41L4A-AS1	54518	chr5:112161703:+	ONLY_REF_SPLICE	0.4	["INTERCHROMOSOMAL[chr9--chr5]"]	0.4	1.0	True
H3F3B--SSR4	4	H3F3B	5506	chr17:75779062:-	SSR4	15355	chrX:153797736:+	INCL_NON_REF_SPLICE	0.4	["INTERCHROMOSOMAL[chr17--chrX]"]	0.4	1.0	True
GRN--PUF60	4	GRN	3097	chr17:44349271:+	PUF60	21652	chr8:143816576:-	INCL_NON_REF_SPLICE	0.4	["INTERCHROMOSOMAL[chr17--chr8]"]	0.4	1.0	True
RPL35A--CFL1	3	RPL35A	2325	chr3:197951311:+	CFL1	16294	chr11:65855218:-	INCL_NON_REF_SPLICE	0.3	["INTERCHROMOSOMAL[chr3--chr11]"]	0.3	1.0	True
RPL18A--COPB2	3	RPL18A	2564	chr19:17861439:+	COPB2	29663	chr3:139357879:-	INCL_NON_REF_SPLICE	0.3	["INTERCHROMOSOMAL[chr19--chr3]"]	0.3	1.0	True
RPL17--ANAPC11	3	RPL17	5035	chr18:49488531:-	ANAPC11	15161	chr17:81900092:+	INCL_NON_REF_SPLICE	0.3	["INTERCHROMOSOMAL[chr18--chr17]"]	0.3	1.0	True
RPL24--SERF2	3	RPL24	1929	chr3:101685854:-	SERF2	13020	chr15:43793924:+	INCL_NON_REF_SPLICE	0.3	["INTERCHROMOSOMAL[chr3--chr15]"]	0.3	1.0	True
RPL26--CDC14B	3	RPL26	6124	chr17:8377590:-	CDC14B	16009	chr9:96551855:-	INCL_NON_REF_SPLICE	0.3	["INTERCHROMOSOMAL[chr17--chr9]"]	0.3	1.0	True
RPL26--SRP14	3	RPL26	4272	chr17:8379862:-	SRP14	12060	chr15:40036323:-	INCL_NON_REF_SPLICE	0.3	["INTERCHROMOSOMAL[chr17--chr15]"]	0.3	1.0	True
RPS11--RPL19	3	RPS11	1928	chr19:49497292:+	RPL19	11390	chr17:39204607:+	INCL_NON_REF_SPLICE	0.3	["INTERCHROMOSOMAL[chr19--chr17]"]	0.3	1.0	True
RPL36--HSPBP1	3	RPL36	6052	chr19:5691656:+	HSPBP1	15998	chr19:55262381:-	INCL_NON_REF_SPLICE	0.3	["INTRACHROMOSOMAL[chr19:49.57Mb]"]	0.3	1.0	True
RPL7AP6--FLAD1	3	RPL7AP6	1124	chr14:69886017:-	FLAD1	11420	chr1:154992713:+	INCL_NON_REF_SPLICE	0.3	["INTERCHROMOSOMAL[chr14--chr1]"]	0.3	1.0	True
RPL8--FLII	3	RPL8	2217	chr8:144791371:-	FLII	19669	chr17:18245211:-	INCL_NON_REF_SPLICE	0.3	["INTERCHROMOSOMAL[chr8--chr17]"]	0.3	1.0	True
RPL8--RPS28P7	3	RPL8	2243	chr8:144791345:-	RPS28P7	6835	chr11:82689570:+	INCL_NON_REF_SPLICE	0.3	["INTERCHROMOSOMAL[chr8--chr11]"]	0.3	1.0	True
RPS12--PAGE5	3	RPS12	3376	chr6:132817052:+	PAGE5	10298	chrX:55224004:+	INCL_NON_REF_SPLICE	0.3	["INTERCHROMOSOMAL[chr6--chrX]"]	0.3	1.0	True
RPL12--TAF1D	3	RPL12	3125	chr9:127449281:-	TAF1D	18438	chr11:93732291:-	ONLY_REF_SPLICE	0.3	["INTERCHROMOSOMAL[chr9--chr11]"]	0.3	1.0	True
RPS21--WDR18	3	RPS21	2369	chr20:62388484:+	WDR18	11571	chr19:994415:+	INCL_NON_REF_SPLICE	0.3	["INTERCHROMOSOMAL[chr20--chr19]"]	0.3	1.0	True
RPL14--TSR2	3	RPL14	4108	chr3:40461649:+	TSR2	16976	chrX:54444949:+	INCL_NON_REF_SPLICE	0.3	["INTERCHROMOSOMAL[chr3--chrX]"]	0.3	1.0	True
RAPGEF6--RP1-247F3.1	3	RAPGEF6	3403	chr5:131603271:-	RP1-247F3.1	47430	chr5:131261851:-	INCL_NON_REF_SPLICE	0.3	["INTRACHROMOSOMAL[chr5:0.16Mb]"]	0.4	0.7499999999999999	True
RPL10A--PSMB4	3	RPL10A	1466	chr6:35468873:+	PSMB4	7381	chr1:151400536:+	INCL_NON_REF_SPLICE	0.3	["INTERCHROMOSOMAL[chr6--chr1]"]	0.3	1.0	True
RP5-857K21.6--PDIA6	3	RP5-857K21.6	2565	chr1:632638:+	PDIA6	25431	chr2:10783650:-	INCL_NON_REF_SPLICE	0.3	["INTERCHROMOSOMAL[chr1--chr2]"]	0.3	1.0	True
RP5-1091N2.9--NDUFAF6	3	RP5-1091N2.9	1267	chrX:71197909:-	NDUFAF6	23671	chr8:95041570:+	ONLY_REF_SPLICE	0.3	["INTERCHROMOSOMAL[chrX--chr8]"]	0.3	1.0	True
RP11-592N21.1--RPL35A	3	RP11-592N21.1	1129	chr15:71341584:-	RPL35A	8628	chr3:197954059:+	INCL_NON_REF_SPLICE	0.3	["INTERCHROMOSOMAL[chr15--chr3]"]	0.3	1.0	True
RP11-466H18.1--VEGFB	3	RP11-466H18.1	1301	chr11:16974713:-	VEGFB	8337	chr11:64238553:+	INCL_NON_REF_SPLICE	0.3	["INTRACHROMOSOMAL[chr11:47.26Mb]"]	0.3	1.0	True
RP11-255H23.2--MTCH2	3	RP11-255H23.2	4183	chr19:23808814:+	MTCH2	19008	chr11:47625741:-	ONLY_REF_SPLICE	0.3	["INTERCHROMOSOMAL[chr19--chr11]"]	0.3	1.0	True
RNU4-2--TOMM20	3	RNU4-2	1122	chr12:120291782:-	TOMM20	9608	chr1:235111822:-	INCL_NON_REF_SPLICE	0.3	["INTERCHROMOSOMAL[chr12--chr1]"]	0.3	1.0	True
RN7SL1--RPS28P7	3	RN7SL1	1107	chr14:49586685:+	RPS28P7	4312	chr11:82689570:+	INCL_NON_REF_SPLICE	0.3	["INTERCHROMOSOMAL[chr14--chr11]"]	0.3	1.0	True
RCC1--FLAD1	3	RCC1	2920	chr1:28508905:+	FLAD1	25348	chr1:154992565:+	ONLY_REF_SPLICE	0.3	["INTRACHROMOSOMAL[chr1:126.44Mb]"]	0.3	1.0	True
RARRES3--DYNLL1	3	RARRES3	4414	chr11:63544816:+	DYNLL1	15777	chr12:120498085:+	INCL_NON_REF_SPLICE	0.3	["INTERCHROMOSOMAL[chr11--chr12]"]	0.3	1.0	True
RPS28P7--CD163L1	3	RPS28P7	1320	chr11:82689878:+	CD163L1	25779	chr12:7355095:-	INCL_NON_REF_SPLICE	0.3	["INTERCHROMOSOMAL[chr11--chr12]"]	0.3	1.0	True
RAPGEF6--HINT1	3	RAPGEF6	3403	chr5:131603271:-	HINT1	53025	chr5:131159611:-	ONLY_REF_SPLICE	0.3	["INTRACHROMOSOMAL[chr5:0.25Mb]"]	0.3	1.0	True
RANBP1--PCBP2	3	RANBP1	2727	chr22:20117664:+	PCBP2	30454	chr12:53479685:+	INCL_NON_REF_SPLICE	0.3	["INTERCHROMOSOMAL[chr22--chr12]"]	0.3	1.0	True
PSMA3--COX6C	3	PSMA3	2696	chr14:58247797:+	COX6C	21912	chr8:99878254:-	INCL_NON_REF_SPLICE	0.3	["INTERCHROMOSOMAL[chr14--chr8]"]	0.3	1.0	True
POU6F2--PHF14	3	POU6F2	3651	chr7:39013559:+	PHF14	56382	chr7:11111350:+	ONLY_REF_SPLICE	0.3	["INTRACHROMOSOMAL[chr7:27.81Mb]"]	0.3	1.0	True
RPS27A--SLCO4A1	3	RPS27A	2487	chr2:55233389:+	SLCO4A1	20552	chr20:62672496:+	INCL_NON_REF_SPLICE	0.3	["INTERCHROMOSOMAL[chr2--chr20]"]	0.3	1.0	True
SNRPD3--UFC1	3	SNRPD3	4053	chr22:24568037:+	UFC1	18449	chr1:161158729:+	INCL_NON_REF_SPLICE	0.3	["INTERCHROMOSOMAL[chr22--chr1]"]	0.3	1.0	True
RPS28P7--RPS13	3	RPS28P7	1294	chr11:82689852:+	RPS13	6839	chr11:17075159:-	INCL_NON_REF_SPLICE	0.3	["INTRACHROMOSOMAL[chr11:65.61Mb]"]	0.3	1.0	True
TMEM116--SNRPD1	3	TMEM116	8058	chr12:111991758:-	SNRPD1	25569	chr18:21629062:+	ONLY_REF_SPLICE	0.3	["INTERCHROMOSOMAL[chr12--chr18]"]	0.3	1.0	True
PLEKHH3--NCDN	3	PLEKHH3	10056	chr17:42667914:-	NCDN	14620	chr1:35559036:+	INCL_NON_REF_SPLICE	0.3	["INTERCHROMOSOMAL[chr17--chr1]"]	0.3	1.0	True
ZNF709--TAF1D	3	ZNF709	3973	chr19:12484655:-	TAF1D	24346	chr11:93732291:-	ONLY_REF_SPLICE	0.3	["INTERCHROMOSOMAL[chr19--chr11]"]	0.3	1.0	True
ZNF670--CNIH4	3	ZNF670	1162	chr1:247078594:-	CNIH4	12096	chr1:224365879:+	ONLY_REF_SPLICE	0.3	["INTRACHROMOSOMAL[chr1:22.66Mb]"]	0.3	1.0	True
ZNF207--NCL	3	ZNF207	5075	chr17:32360737:+	NCL	38868	chr2:231455242:-	INCL_NON_REF_SPLICE	0.3	["INTERCHROMOSOMAL[chr17--chr2]"]	0.3	1.0	True
ZMYM3--KHSRP	3	ZMYM3	1310	chrX:71254837:-	KHSRP	30131	chr19:6413486:-	INCL_NON_REF_SPLICE	0.3	["INTERCHROMOSOMAL[chrX--chr19]"]	0.3	1.0	True
ZFPM2-AS1--PSMG3	3	ZFPM2-AS1	1144	chr8:106060381:-	PSMG3	17096	chr7:1569360:-	ONLY_REF_SPLICE	0.3	["INTERCHROMOSOMAL[chr8--chr7]"]	0.3	1.0	True
YWHAG--ATPIF1	3	YWHAG	2361	chr7:76330183:-	ATPIF1	10479	chr1:28237837:+	INCL_NON_REF_SPLICE	0.3	["INTERCHROMOSOMAL[chr7--chr1]"]	0.3	1.0	True
XAB2--FAU	3	XAB2	2976	chr19:7627412:-	FAU	14319	chr11:65121584:-	INCL_NON_REF_SPLICE	0.3	["INTERCHROMOSOMAL[chr19--chr11]"]	0.3	1.0	True
USP39--ATIC	3	USP39	8051	chr2:85623704:+	ATIC	39762	chr2:215349558:+	INCL_NON_REF_SPLICE	0.3	["INTRACHROMOSOMAL[chr2:129.66Mb]"]	0.3	1.0	True
UQCRC2--RPS2P46	3	UQCRC2	3092	chr16:21957529:+	RPS2P46	21826	chr17:19446077:-	INCL_NON_REF_SPLICE	0.3	["INTERCHROMOSOMAL[chr16--chr17]"]	0.3	1.0	True
UBE2L3--RANBP1	3	UBE2L3	4131	chr22:21592956:+	RANBP1	14914	chr22:20119013:+	ONLY_REF_SPLICE	0.3	["INTRACHROMOSOMAL[chr22:1.42Mb]"]	0.3	1.0	True
UBA52--TMSB4XP4	3	UBA52	4297	chr19:18575105:+	TMSB4XP4	10189	chr9:128342599:+	INCL_NON_REF_SPLICE	0.3	["INTERCHROMOSOMAL[chr19--chr9]"]	0.3	1.0	True
TMEM97--RBM3	3	TMEM97	3544	chr17:28325630:+	RBM3	13175	chrX:48578024:+	INCL_NON_REF_SPLICE	0.3	["INTERCHROMOSOMAL[chr17--chrX]"]	0.3	1.0	True
TMEM258--WARS	3	TMEM258	4671	chr11:61789132:-	WARS	30954	chr14:100333894:-	INCL_NON_REF_SPLICE	0.3	["INTERCHROMOSOMAL[chr11--chr14]"]	0.3	1.0	True
TIMM17A--GAPDH	3	TIMM17A	7532	chr1:201969550:+	GAPDH	15860	chr12:6538167:+	INCL_NON_REF_SPLICE	0.3	["INTERCHROMOSOMAL[chr1--chr12]"]	0.3	1.0	True
RPS29--KDELR2	3	RPS29	4133	chr14:49585974:-	KDELR2	23704	chr7:6462998:-	INCL_NON_REF_SPLICE	0.3	["INTERCHROMOSOMAL[chr14--chr7]"]	0.3	1.0	True
TBCA--AP3B1	3	TBCA	2304	chr5:77776205:-	AP3B1	45388	chr5:78003055:-	ONLY_REF_SPLICE	0.3	["DEEPEST2019","TCGA_StarF2019","INTRACHROMOSOMAL[chr5:0.13Mb]"]	0.3	1.0	True
SRSF3--EEF1A1	3	SRSF3	4284	chr6:36598880:+	EEF1A1	19475	chr6:73517781:-	INCL_NON_REF_SPLICE	0.3	["INTRACHROMOSOMAL[chr6:36.91Mb]"]	0.3	1.0	True
SRP14--RPL14	3	SRP14	3760	chr15:40036429:-	RPL14	10989	chr3:40462080:+	INCL_NON_REF_SPLICE	0.3	["INTERCHROMOSOMAL[chr15--chr3]"]	0.3	1.0	True
SPPL2B--BAG6	3	SPPL2B	3744	chr19:2334721:+	BAG6	31354	chr6:31640306:-	ONLY_REF_SPLICE	0.3	["INTERCHROMOSOMAL[chr19--chr6]"]	0.3	1.0	True
SPOP--RP5-1112D6.4	3	SPOP	1302	chr17:49677933:-	RP5-1112D6.4	22485	chr6:111277231:+	INCL_NON_REF_SPLICE	0.3	["INTERCHROMOSOMAL[chr17--chr6]"]	0.3	1.0	True
SLC25A51--MRPS25	3	SLC25A51	2945	chr9:37899829:-	MRPS25	15932	chr3:15052633:-	ONLY_REF_SPLICE	0.3	["INTERCHROMOSOMAL[chr9--chr3]"]	0.3	1.0	True
SF3B2--PSMC5	3	SF3B2	2729	chr11:66052457:+	PSMC5	26488	chr17:63831184:+	INCL_NON_REF_SPLICE	0.3	["INTERCHROMOSOMAL[chr11--chr17]"]	0.3	1.0	True
SENP2--SNHG10	3	SENP2	3765	chr3:185590169:+	SNHG10	28413	chr14:95533061:-	ONLY_REF_SPLICE	0.3	["INTERCHROMOSOMAL[chr3--chr14]"]	0.3	1.0	True
SCARNA9--SIGMAR1	3	SCARNA9	1309	chr11:93721821:+	SIGMAR1	7075	chr9:34635088:-	INCL_NON_REF_SPLICE	0.3	["INTERCHROMOSOMAL[chr11--chr9]"]	0.3	1.0	True
SAFB--DCAF7	3	SAFB	2445	chr19:5626489:+	DCAF7	34471	chr17:63593935:+	INCL_NON_REF_SPLICE	0.3	["INTERCHROMOSOMAL[chr19--chr17]"]	0.3	1.0	True
RPSAP58--MTCH2	3	RPSAP58	4538	chr19:23808814:+	MTCH2	19412	chr11:47625741:-	ONLY_REF_SPLICE	0.3	["INTERCHROMOSOMAL[chr19--chr11]"]	0.3	1.0	True
RPS9--GSTM4	3	RPS9	1532	chr19:54201273:+	GSTM4	16953	chr1:109661286:+	INCL_NON_REF_SPLICE	0.3	["INTERCHROMOSOMAL[chr19--chr1]"]	0.3	1.0	True
RPS5--BCCIP	3	RPS5	4381	chr19:58393161:+	BCCIP	16924	chr10:125836415:+	INCL_NON_REF_SPLICE	0.3	["INTERCHROMOSOMAL[chr19--chr10]"]	0.3	1.0	True
RPS3A--SNHG6	3	RPS3A	3737	chr4:151103017:+	SNHG6	9262	chr8:66925509:-	INCL_NON_REF_SPLICE	0.3	["INTERCHROMOSOMAL[chr4--chr8]"]	0.3	1.0	True
PMF1--RPL8	3	PMF1	7301	chr1:156233718:+	RPL8	16524	chr8:144789874:-	INCL_NON_REF_SPLICE	0.3	["INTERCHROMOSOMAL[chr1--chr8]"]	0.3	1.0	True
RPL17--SERF2	3	RPL17	2728	chr18:49490838:-	SERF2	13304	chr15:43793877:+	INCL_NON_REF_SPLICE	0.3	["INTERCHROMOSOMAL[chr18--chr15]"]	0.3	1.0	True
PKM--PRRT3	3	PKM	7670	chr15:72219028:-	PRRT3	23294	chr3:9952360:-	INCL_NON_REF_SPLICE	0.3	["INTERCHROMOSOMAL[chr15--chr3]"]	0.3	1.0	True
DANCR--DAD1	3	DANCR	1556	chr4:52712959:+	DAD1	9287	chr14:22575233:-	ONLY_REF_SPLICE	0.3	["INTERCHROMOSOMAL[chr4--chr14]"]	0.3	1.0	True
COX6C--TAF1D	3	COX6C	4265	chr8:99887509:-	TAF1D	25452	chr11:93730447:-	INCL_NON_REF_SPLICE	0.3	["INTERCHROMOSOMAL[chr8--chr11]"]	0.3	1.0	True
COX6C--TUBA1B	3	COX6C	4242	chr8:99887532:-	TUBA1B	16326	chr12:49127974:-	INCL_NON_REF_SPLICE	0.3	["INTERCHROMOSOMAL[chr8--chr12]"]	0.3	1.0	True
COX7C--MYDGF	3	COX7C	1201	chr5:86618104:+	MYDGF	12745	chr19:4657814:-	INCL_NON_REF_SPLICE	0.3	["INTERCHROMOSOMAL[chr5--chr19]"]	0.3	1.0	True
CS--C19orf43	3	CS	5952	chr12:56285916:-	C19orf43	19638	chr19:12731421:-	ONLY_REF_SPLICE	0.3	["INTERCHROMOSOMAL[chr12--chr19]"]	0.3	1.0	True
CTD-2017D11.1--RP11-1094M14.11	3	CTD-2017D11.1	3351	chr19:24049014:+	RP11-1094M14.11	12362	chr17:35573877:+	ONLY_REF_SPLICE	0.3	["INTERCHROMOSOMAL[chr19--chr17]"]	0.3	1.0	True
CYCS--RPL27	3	CYCS	1162	chr7:25125200:-	RPL27	10968	chr17:42999969:+	INCL_NON_REF_SPLICE	0.3	["INTERCHROMOSOMAL[chr7--chr17]"]	0.3	1.0	True
DDB1--ATP5B	3	DDB1	13474	chr11:61322326:-	ATP5B	35949	chr12:56640158:-	INCL_NON_REF_SPLICE	0.3	["INTERCHROMOSOMAL[chr11--chr12]"]	0.3	1.0	True
FLOT2--RPL18AP3	3	FLOT2	6655	chr17:28882333:-	RPL18AP3	12882	chr12:104265537:+	INCL_NON_REF_SPLICE	0.3	["INTERCHROMOSOMAL[chr17--chr12]"]	0.3	1.0	True
DEF6--ZW10	3	DEF6	1101	chr6:35297952:+	ZW10	25561	chr11:113736822:-	ONLY_REF_SPLICE	0.3	["INTERCHROMOSOMAL[chr6--chr11]"]	0.3	1.0	True
DNMT1--DDX27	3	DNMT1	6702	chr19:10180385:-	DDX27	56748	chr20:49243662:+	INCL_NON_REF_SPLICE	0.3	["INTERCHROMOSOMAL[chr19--chr20]"]	0.3	1.0	True
DNMT1--MRPL3	3	DNMT1	2640	chr19:10194820:-	MRPL3	48540	chr3:131471279:-	ONLY_REF_SPLICE	0.3	["INTERCHROMOSOMAL[chr19--chr3]"]	0.3	1.0	True
DPM1--METTL5	3	DPM1	4514	chr20:50945737:-	METTL5	19341	chr2:169811858:-	ONLY_REF_SPLICE	0.3	["INTERCHROMOSOMAL[chr20--chr2]"]	0.3	1.0	True
EDC4--RPL14	3	EDC4	6473	chr16:67879774:+	RPL14	17713	chr3:40462052:+	INCL_NON_REF_SPLICE	0.3	["INTERCHROMOSOMAL[chr16--chr3]"]	0.3	1.0	True
EIF3A--ARID4B	3	EIF3A	1196	chr10:119080628:-	ARID4B	61508	chr1:235155112:-	ONLY_REF_SPLICE	0.3	["INTERCHROMOSOMAL[chr10--chr1]"]	0.3	1.0	True
COX6B1--MARS	3	COX6B1	5078	chr19:35658767:+	MARS	23325	chr12:57516547:+	INCL_NON_REF_SPLICE	0.3	["INTERCHROMOSOMAL[chr19--chr12]"]	0.3	1.0	True
COX4I1--RPL13AP5	3	COX4I1	6389	chr16:85805098:+	RPL13AP5	11826	chr10:96750778:+	INCL_NON_REF_SPLICE	0.3	["INTERCHROMOSOMAL[chr16--chr10]"]	0.3	1.0	True
COX17--PSMB4	3	COX17	1204	chr3:119677251:-	PSMB4	13526	chr1:151401263:+	INCL_NON_REF_SPLICE	0.3	["INTERCHROMOSOMAL[chr3--chr1]"]	0.3	1.0	True
COX16--CHMP3	3	COX16	5776	chr14:70326329:-	CHMP3	17241	chr2:86529244:-	INCL_NON_REF_SPLICE	0.3	["INTERCHROMOSOMAL[chr14--chr2]"]	0.3	1.0	True
COPE--ATP5D	3	COPE	3641	chr19:18910971:-	ATP5D	14202	chr19:1242456:+	ONLY_REF_SPLICE	0.3	["INTRACHROMOSOMAL[chr19:17.65Mb]"]	0.3	1.0	True
CLINT1--HMGN3	3	CLINT1	1188	chr5:157858988:-	HMGN3	21030	chr6:79234652:-	INCL_NON_REF_SPLICE	0.3	["INTERCHROMOSOMAL[chr5--chr6]"]	0.3	1.0	True
CKS1B--CTD-2287O16.1	3	CKS1B	1159	chr1:154974811:+	CTD-2287O16.1	8099	chr5:116052114:-	INCL_NON_REF_SPLICE	0.3	["INTERCHROMOSOMAL[chr1--chr5]"]	0.3	1.0	True
CHCHD3--HNRNPA1	3	CHCHD3	4592	chr7:133035800:-	HNRNPA1	24464	chr12:54283938:+	INCL_NON_REF_SPLICE	0.3	["INTERCHROMOSOMAL[chr7--chr12]"]	0.3	1.0	True
ATP6V0B--RPS2	3	ATP6V0B	1621	chr1:43975107:+	RPS2	9442	chr16:1963228:-	INCL_NON_REF_SPLICE	0.3	["INTERCHROMOSOMAL[chr1--chr16]"]	0.3	1.0	True
ATP5J--RPL19	3	ATP5J	4563	chr21:25725300:-	RPL19	14783	chr17:39204525:+	INCL_NON_REF_SPLICE	0.3	["INTERCHROMOSOMAL[chr21--chr17]"]	0.3	1.0	True
ATIC--FTL	3	ATIC	2896	chr2:215318218:+	FTL	22383	chr19:48966704:+	INCL_NON_REF_SPLICE	0.3	["INTERCHROMOSOMAL[chr2--chr19]"]	0.3	1.0	True
ARHGAP19--NAP1L1	3	ARHGAP19	3208	chr10:97266079:-	NAP1L1	35295	chr12:76053110:-	ONLY_REF_SPLICE	0.3	["INTERCHROMOSOMAL[chr10--chr12]"]	0.3	1.0	True
ANK2--UBE2D3	3	ANK2	14530	chr4:113199109:+	UBE2D3	82719	chr4:102809855:-	ONLY_REF_SPLICE	0.3	["INTRACHROMOSOMAL[chr4:9.95Mb]"]	0.3	1.0	True
AC004057.1--RPS8	3	AC004057.1	2528	chr4:113214016:-	RPS8	8810	chr1:44778562:+	INCL_NON_REF_SPLICE	0.3	["INTERCHROMOSOMAL[chr4--chr1]"]	0.3	1.0	True
AAMP--RPS8	3	AAMP	1749	chr2:218269509:-	RPS8	12117	chr1:44778000:+	INCL_NON_REF_SPLICE	0.3	["INTERCHROMOSOMAL[chr2--chr1]"]	0.3	1.0	True
AAMP--ARPC2	3	AAMP	1876	chr2:218269382:-	ARPC2	22283	chr2:218249364:+	ONLY_REF_SPLICE	0.3	["Klijn_CellLines","INTRACHROMOSOMAL[chr2:0.01Mb]","LOCAL_INVERSION:-:+:[9767]"]	0.3	1.0	True
PIGK--MRPL53	3	PIGK	6562	chr1:77163896:-	MRPL53	19919	chr2:74472105:-	INCL_NON_REF_SPLICE	0.3	["INTERCHROMOSOMAL[chr1--chr2]"]	0.3	1.0	True
EIF3A--RBM34	3	EIF3A	1196	chr10:119080628:-	RBM34	29969	chr1:235155112:-	ONLY_REF_SPLICE	0.3	["INTERCHROMOSOMAL[chr10--chr1]"]	0.3	1.0	True
ASB16-AS1--TAF1D	3	ASB16-AS1	2317	chr17:44182930:-	TAF1D	19427	chr11:93733397:-	ONLY_REF_SPLICE	0.3	["INTERCHROMOSOMAL[chr17--chr11]"]	0.3	1.0	True
FOPNL--EIF3I	3	FOPNL	6900	chr16:15867170:-	EIF3I	18095	chr1:32231434:+	INCL_NON_REF_SPLICE	0.3	["INTERCHROMOSOMAL[chr16--chr1]"]	0.3	1.0	True
MTHFD2--COX5B	3	MTHFD2	1181	chr2:74198742:+	COX5B	16394	chr2:97647067:+	ONLY_REF_SPLICE	0.3	["INTRACHROMOSOMAL[chr2:23.43Mb]"]	0.3	1.0	True
PIGK--CCDC142	3	PIGK	6562	chr1:77163896:-	CCDC142	25963	chr2:74472105:-	INCL_NON_REF_SPLICE	0.3	["INTERCHROMOSOMAL[chr1--chr2]"]	0.3	1.0	True
PHB--FKBP2	3	PHB	2751	chr17:49413155:-	FKBP2	15266	chr11:64243451:+	INCL_NON_REF_SPLICE	0.3	["INTERCHROMOSOMAL[chr17--chr11]"]	0.3	1.0	True
FTL--TPT1	3	FTL	1309	chr19:48965609:+	TPT1	8152	chr13:45338797:-	INCL_NON_REF_SPLICE	0.3	["INTERCHROMOSOMAL[chr19--chr13]"]	0.3	1.0	True
PET100--C19orf54	3	PET100	2110	chr19:7630846:+	C19orf54	13293	chr19:40741065:-	ONLY_REF_SPLICE	0.3	["INTRACHROMOSOMAL[chr19:33.11Mb]"]	0.3	1.0	True
OTUB1--GSTP1	3	OTUB1	3562	chr11:63988712:+	GSTP1	15894	chr11:67586418:+	INCL_NON_REF_SPLICE	0.3	["INTRACHROMOSOMAL[chr11:3.58Mb]"]	0.3	1.0	True
NUTF2--ISCU	3	NUTF2	2923	chr16:67865189:+	ISCU	16997	chr12:108569266:+	INCL_NON_REF_SPLICE	0.3	["INTERCHROMOSOMAL[chr16--chr12]"]	0.3	1.0	True
NUDT1--COPE	3	NUDT1	1195	chr7:2242416:+	COPE	19143	chr19:18899947:-	INCL_NON_REF_SPLICE	0.3	["INTERCHROMOSOMAL[chr7--chr19]"]	0.3	1.0	True
NME1-NME2--MARS	3	NME1-NME2	2522	chr17:51166956:+	MARS	24978	chr12:57516535:+	INCL_NON_REF_SPLICE	0.3	["INTERCHROMOSOMAL[chr17--chr12]"]	0.3	1.0	True
NHP2--AC007969.5	3	NHP2	1310	chr5:178153658:-	AC007969.5	7513	chr2:171517484:-	INCL_NON_REF_SPLICE	0.3	["INTERCHROMOSOMAL[chr5--chr2]"]	0.3	1.0	True
NDUFS8--RPL37A	3	NDUFS8	3564	chr11:68033180:+	RPL37A	11789	chr2:216499949:+	INCL_NON_REF_SPLICE	0.3	["INTERCHROMOSOMAL[chr11--chr2]"]	0.3	1.0	True
NDUFB2--RPS24	3	NDUFB2	9309	chr7:140704963:+	RPS24	18026	chr10:78035589:+	INCL_NON_REF_SPLICE	0.3	["INTERCHROMOSOMAL[chr7--chr10]"]	0.3	1.0	True
NDUFB1--RPS4X	3	NDUFB1	5056	chr14:92117498:-	RPS4X	13724	chrX:72272741:-	INCL_NON_REF_SPLICE	0.3	["INTERCHROMOSOMAL[chr14--chrX]"]	0.3	1.0	True
NDUFA12--MRPL33	3	NDUFA12	6821	chr12:94971429:-	MRPL33	18028	chr2:27779521:+	INCL_NON_REF_SPLICE	0.3	["INTERCHROMOSOMAL[chr12--chr2]"]	0.3	1.0	True
MTMR2--IMMP1L	3	MTMR2	2441	chr11:95923875:-	IMMP1L	40807	chr11:31433570:-	ONLY_REF_SPLICE	0.3	["INTRACHROMOSOMAL[chr11:64.32Mb]"]	0.3	1.0	True
P2RY8--NUPL2	3	P2RY8	1187	chrX:1536921:-	NUPL2	20551	chr7:23199458:+	ONLY_REF_SPLICE	0.3	["INTERCHROMOSOMAL[chrY--chr7]"]	0.3	1.0	True
MRPL21--SNRPC	3	MRPL21	4656	chr11:68896541:-	SNRPC	16409	chr6:34773578:+	INCL_NON_REF_SPLICE	0.3	["INTERCHROMOSOMAL[chr11--chr6]"]	0.3	1.0	True
HMBS--MTRF1L	3	HMBS	5286	chr11:119089760:+	MTRF1L	19056	chr6:152989834:-	INCL_NON_REF_SPLICE	0.3	["INTERCHROMOSOMAL[chr11--chr6]"]	0.3	1.0	True
GTF3A--RPL21P28	3	GTF3A	5403	chr13:27429966:+	RPL21P28	13061	chr1:212051763:-	INCL_NON_REF_SPLICE	0.3	["INTERCHROMOSOMAL[chr13--chr1]"]	0.3	1.0	True
MORF4L2--PDCD5	3	MORF4L2	6628	chrX:103676760:-	PDCD5	13160	chr19:32584971:+	INCL_NON_REF_SPLICE	0.3	["INTERCHROMOSOMAL[chrX--chr19]"]	0.3	1.0	True
HINT1--DDX27	3	HINT1	2521	chr5:131165095:-	DDX27	26948	chr20:49243816:+	ONLY_REF_SPLICE	0.3	["INTERCHROMOSOMAL[chr5--chr20]"]	0.3	1.0	True
HIST1H2BL--NOP56	3	HIST1H2BL	1453	chr6:27807479:-	NOP56	10545	chr20:2658201:+	INCL_NON_REF_SPLICE	0.3	["INTERCHROMOSOMAL[chr6--chr20]"]	0.3	1.0	True
GIGYF2--ALG8	3	GIGYF2	4148	chr2:232703489:+	ALG8	68893	chr11:78109581:-	ONLY_REF_SPLICE	0.3	["INTERCHROMOSOMAL[chr2--chr11]"]	0.3	1.0	True
HELB--CCT2	3	HELB	1246	chr12:66302790:+	CCT2	39266	chr12:69599863:+	ONLY_REF_SPLICE	0.3	["INTRACHROMOSOMAL[chr12:3.24Mb]"]	0.3	1.0	True
HMGN2--RPS8	3	HMGN2	1178	chr1:26472627:+	RPS8	8360	chr1:44776087:+	INCL_NON_REF_SPLICE	0.3	["INTRACHROMOSOMAL[chr1:18.30Mb]"]	0.3	1.0	True
HNRNPH3--TIPRL	3	HNRNPH3	2062	chr10:68332235:+	TIPRL	15057	chr1:168191369:+	ONLY_REF_SPLICE	0.3	["INTERCHROMOSOMAL[chr10--chr1]"]	0.3	1.0	True
MFAP3--EIF3I	3	MFAP3	9594	chr5:154121901:+	EIF3I	24729	chr1:32231443:+	INCL_NON_REF_SPLICE	0.3	["INTERCHROMOSOMAL[chr5--chr1]"]	0.3	1.0	True
H2AFZ--RPL4	3	H2AFZ	3102	chr4:99948287:-	RPL4	13540	chr15:66500376:-	INCL_NON_REF_SPLICE	0.3	["INTERCHROMOSOMAL[chr4--chr15]"]	0.3	1.0	True
MAP1S--RPS27A	3	MAP1S	2796	chr19:17721037:+	RPS27A	16792	chr2:55234119:+	ONLY_REF_SPLICE	0.3	["INTERCHROMOSOMAL[chr19--chr2]"]	0.3	1.0	True
LIN7C--RP4-706A16.3	3	LIN7C	3694	chr11:27499359:-	RP4-706A16.3	11793	chr1:77129429:+	INCL_NON_REF_SPLICE	0.3	["INTERCHROMOSOMAL[chr11--chr1]"]	0.3	1.0	True
RPL4--YIF1A	2	RPL4	5211	chr15:66503402:-	YIF1A	17901	chr11:66284686:-	INCL_NON_REF_SPLICE	0.2	["INTERCHROMOSOMAL[chr15--chr11]"]	0.2	1.0	True
RPL32--SOD1	2	RPL32	4636	chr3:12836126:-	SOD1	14297	chr21:31667258:+	INCL_NON_REF_SPLICE	0.2	["INTERCHROMOSOMAL[chr3--chr21]"]	0.2	1.0	True
RPL38--NME1	2	RPL38	5341	chr17:74209825:+	NME1	14899	chr17:51161902:+	INCL_NON_REF_SPLICE	0.2	["INTRACHROMOSOMAL[chr17:23.04Mb]"]	0.2	1.0	True
RPL38--COX6C	2	RPL38	4757	chr17:74209241:+	COX6C	12327	chr8:99887618:-	INCL_NON_REF_SPLICE	0.2	["INTERCHROMOSOMAL[chr17--chr8]"]	0.2	1.0	True
RPL37A--CLPTM1L	2	RPL37A	2172	chr2:216499360:+	CLPTM1L	32160	chr5:1318346:-	INCL_NON_REF_SPLICE	0.2	["INTERCHROMOSOMAL[chr2--chr5]"]	0.2	1.0	True
RPL37--PPIH	2	RPL37	2155	chr5:40834181:-	PPIH	21600	chr1:42676584:+	ONLY_REF_SPLICE	0.2	["INTERCHROMOSOMAL[chr5--chr1]"]	0.2	1.0	True
RPL36--PRELID1	2	RPL36	5759	chr19:5691363:+	PRELID1	11804	chr5:177306305:+	INCL_NON_REF_SPLICE	0.2	["INTERCHROMOSOMAL[chr19--chr5]"]	0.2	1.0	True
RPL36--HNRNPAB	2	RPL36	4981	chr19:5690585:+	HNRNPAB	14241	chr5:178210579:+	INCL_NON_REF_SPLICE	0.2	["INTERCHROMOSOMAL[chr19--chr5]"]	0.2	1.0	True
RPL36--EEF2	2	RPL36	6017	chr19:5691621:+	EEF2	18033	chr19:3976553:-	INCL_NON_REF_SPLICE	0.2	["INTRACHROMOSOMAL[chr19:1.69Mb]"]	0.2	1.0	True
RPL35A--PSMC2	2	RPL35A	5161	chr3:197954147:+	PSMC2	21307	chr7:103367924:+	INCL_NON_REF_SPLICE	0.2	["INTERCHROMOSOMAL[chr3--chr7]"]	0.2	1.0	True
RPL7--PPAPDC1B	2	RPL7	3775	chr8:73292689:-	PPAPDC1B	11143	chr8:38267298:-	INCL_NON_REF_SPLICE	0.2	["INTRACHROMOSOMAL[chr8:35.02Mb]"]	0.2	1.0	True
RPL37--UBE2Q2P6	2	RPL37	2115	chr5:40834221:-	UBE2Q2P6	14168	chr15:82372514:-	INCL_NON_REF_SPLICE	0.2	["INTERCHROMOSOMAL[chr5--chr15]"]	0.2	1.0	True
RPL27--SET	2	RPL27	4118	chr17:43002960:+	SET	15567	chr9:128694960:+	INCL_NON_REF_SPLICE	0.2	["INTERCHROMOSOMAL[chr17--chr9]"]	0.2	1.0	True
RPL32--PIM3	2	RPL32	4643	chr3:12836119:-	PIM3	12687	chr22:49963922:+	INCL_NON_REF_SPLICE	0.2	["INTERCHROMOSOMAL[chr3--chr22]"]	0.2	1.0	True
RPL31--RNPC3	2	RPL31	5008	chr2:101006071:+	RNPC3	30168	chr1:103555034:+	ONLY_REF_SPLICE	0.2	["INTERCHROMOSOMAL[chr2--chr1]"]	0.2	1.0	True
RPL3--MTND1P23	2	RPL3	6541	chr22:39314699:-	MTND1P23	11620	chr1:629323:+	INCL_NON_REF_SPLICE	0.2	["INTERCHROMOSOMAL[chr22--chr1]"]	0.2	1.0	True
RPL27A--RPL13AP25	2	RPL27A	4387	chr11:8685797:+	RPL13AP25	12993	chr13:54440861:-	INCL_NON_REF_SPLICE	0.2	["INTERCHROMOSOMAL[chr11--chr13]"]	0.2	1.0	True
RPL27--DNAJC10	2	RPL27	3941	chr17:43002783:+	DNAJC10	30600	chr2:182775337:+	INCL_NON_REF_SPLICE	0.2	["INTERCHROMOSOMAL[chr17--chr2]"]	0.2	1.0	True
RPL26--HSP90B1	2	RPL26	6101	chr17:8377613:-	HSP90B1	21893	chr12:103947801:+	INCL_NON_REF_SPLICE	0.2	["INTERCHROMOSOMAL[chr17--chr12]"]	0.2	1.0	True
RPL26--FBL	2	RPL26	6131	chr17:8377583:-	FBL	15534	chr19:39834761:-	INCL_NON_REF_SPLICE	0.2	["INTERCHROMOSOMAL[chr17--chr19]"]	0.2	1.0	True
RPL24--UCHL1	2	RPL24	1946	chr3:101685837:-	UCHL1	14734	chr4:41268087:+	INCL_NON_REF_SPLICE	0.2	["INTERCHROMOSOMAL[chr3--chr4]"]	0.2	1.0	True
RPL24--SRGN	2	RPL24	4723	chr3:101681150:-	SRGN	10781	chr10:69104590:+	INCL_NON_REF_SPLICE	0.2	["INTERCHROMOSOMAL[chr3--chr10]"]	0.2	1.0	True
RPL24--RPS23	2	RPL24	4746	chr3:101681127:-	RPS23	9915	chr5:82276445:-	INCL_NON_REF_SPLICE	0.2	["INTERCHROMOSOMAL[chr3--chr5]"]	0.2	1.0	True
RPL24--PHF14	2	RPL24	3102	chr3:101682771:-	PHF14	32298	chr7:11111350:+	ONLY_REF_SPLICE	0.2	["INTERCHROMOSOMAL[chr3--chr7]"]	0.2	1.0	True
RPL7P9--NPM1	2	RPL7P9	1143	chr1:96679478:-	NPM1	15843	chr5:171410557:+	INCL_NON_REF_SPLICE	0.2	["INTERCHROMOSOMAL[chr1--chr5]"]	0.2	1.0	True
RPL19--RPS17	2	RPL19	5315	chr17:39204597:+	RPS17	10066	chr15:82538944:-	INCL_NON_REF_SPLICE	0.2	["INTERCHROMOSOMAL[chr17--chr15]"]	0.2	1.0	True
RPL19--RPS13	2	RPL19	3109	chr17:39202391:+	RPS13	11070	chr11:17075163:-	INCL_NON_REF_SPLICE	0.2	["INTERCHROMOSOMAL[chr17--chr11]"]	0.2	1.0	True
RPL7--RPS16	2	RPL7	4094	chr8:73292370:-	RPS16	9472	chr19:39435674:-	INCL_NON_REF_SPLICE	0.2	["INTERCHROMOSOMAL[chr8--chr19]"]	0.2	1.0	True
RPS15A--CSDE1	2	RPS15A	2403	chr16:18788981:-	CSDE1	34677	chr1:114718745:-	ONLY_REF_SPLICE	0.2	["INTERCHROMOSOMAL[chr16--chr1]"]	0.2	1.0	True
RPL8--FLII	2	RPL8	1574	chr8:144792014:-	FLII	19654	chr17:18245226:-	INCL_NON_REF_SPLICE	0.2	["INTERCHROMOSOMAL[chr8--chr17]"]	0.3	0.6666666666666667	True
RPL8--PSMA2	2	RPL8	1585	chr8:144792003:-	PSMA2	17340	chr7:42917677:-	INCL_NON_REF_SPLICE	0.2	["INTERCHROMOSOMAL[chr8--chr7]"]	0.2	1.0	True
RPS27A--NSA2	2	RPS27A	3273	chr2:55234175:+	NSA2	11079	chr5:74770761:+	INCL_NON_REF_SPLICE	0.2	["INTERCHROMOSOMAL[chr2--chr5]"]	0.2	1.0	True
RPL18--TMEM109	2	RPL18	4650	chr19:48615887:-	TMEM109	13158	chr11:60923231:+	INCL_NON_REF_SPLICE	0.2	["INTERCHROMOSOMAL[chr19--chr11]"]	0.2	1.0	True
RPS27--UQCRH	2	RPS27	2311	chr1:153992069:+	UQCRH	6572	chr1:46309090:+	INCL_NON_REF_SPLICE	0.2	["INTRACHROMOSOMAL[chr1:107.67Mb]"]	0.2	1.0	True
RPS27--CDC37	2	RPS27	1902	chr1:153991660:+	CDC37	14041	chr19:10391250:-	INCL_NON_REF_SPLICE	0.2	["INTERCHROMOSOMAL[chr1--chr19]"]	0.2	1.0	True
RPS26--HYPK	2	RPS26	1303	chr12:56042155:+	HYPK	11362	chr15:43800680:+	INCL_NON_REF_SPLICE	0.2	["INTERCHROMOSOMAL[chr12--chr15]"]	0.2	1.0	True
RPS23--OAZ2	2	RPS23	3477	chr5:82276101:-	OAZ2	19296	chr15:64688587:-	INCL_NON_REF_SPLICE	0.2	["INTERCHROMOSOMAL[chr5--chr15]"]	0.2	1.0	True
RPS21--YWHAB	2	RPS21	2369	chr20:62388484:+	YWHAB	13122	chr20:44906382:+	INCL_NON_REF_SPLICE	0.2	["INTRACHROMOSOMAL[chr20:17.48Mb]"]	0.2	1.0	True
RPS21--GART	2	RPS21	1759	chr20:62387874:+	GART	27656	chr21:33504096:-	INCL_NON_REF_SPLICE	0.2	["INTERCHROMOSOMAL[chr20--chr21]"]	0.2	1.0	True
RPS20--NUCB2	2	RPS20	2520	chr8:56073062:-	NUCB2	32239	chr11:17330960:+	INCL_NON_REF_SPLICE	0.2	["INTERCHROMOSOMAL[chr8--chr11]"]	0.2	1.0	True
RPS19--RPL13AP5	2	RPS19	2278	chr19:41861195:+	RPL13AP5	12486	chr10:96750756:+	INCL_NON_REF_SPLICE	0.2	["INTERCHROMOSOMAL[chr19--chr10]"]	0.2	1.0	True
RPS19--NDUFS6	2	RPS19	1928	chr19:41860845:+	NDUFS6	15377	chr5:1815874:+	INCL_NON_REF_SPLICE	0.2	["INTERCHROMOSOMAL[chr19--chr5]"]	0.2	1.0	True
RPS18--SERF2	2	RPS18	3463	chr6:33276066:+	SERF2	12049	chr15:43793828:+	INCL_NON_REF_SPLICE	0.2	["INTERCHROMOSOMAL[chr6--chr15]"]	0.2	1.0	True
RPS17--MRPS34	2	RPS17	1530	chr15:82540035:-	MRPS34	8902	chr16:1772066:-	INCL_NON_REF_SPLICE	0.2	["INTERCHROMOSOMAL[chr15--chr16]"]	0.2	1.0	True
RPS16--UBB	2	RPS16	1297	chr19:39435652:-	UBB	8530	chr17:16382585:+	INCL_NON_REF_SPLICE	0.2	["INTERCHROMOSOMAL[chr19--chr17]"]	0.2	1.0	True
RPS16--KRTCAP2	2	RPS16	3595	chr19:39433354:-	KRTCAP2	7376	chr1:155172842:-	INCL_NON_REF_SPLICE	0.2	["INTERCHROMOSOMAL[chr19--chr1]"]	0.2	1.0	True
RPS15A--C6orf48	2	RPS15A	8131	chr16:18782986:-	C6orf48	16754	chr6:31839646:+	INCL_NON_REF_SPLICE	0.2	["INTERCHROMOSOMAL[chr16--chr6]"]	0.2	1.0	True
RPS15A--ATP5O	2	RPS15A	8112	chr16:18783005:-	ATP5O	20276	chr21:33903613:-	INCL_NON_REF_SPLICE	0.2	["INTERCHROMOSOMAL[chr16--chr21]"]	0.2	1.0	True
RPS13--RPL5	2	RPS13	1620	chr11:17077168:-	RPL5	14822	chr1:92841766:+	ONLY_REF_SPLICE	0.2	["INTERCHROMOSOMAL[chr11--chr1]"]	0.2	1.0	True
RPS13--KIF2C	2	RPS13	3322	chr11:17075466:-	KIF2C	23705	chr1:44767542:+	INCL_NON_REF_SPLICE	0.2	["INTERCHROMOSOMAL[chr11--chr1]"]	0.2	1.0	True
RPS12--ISG20	2	RPS12	3323	chr6:132816999:+	ISG20	16319	chr15:88652283:+	INCL_NON_REF_SPLICE	0.2	["INTERCHROMOSOMAL[chr6--chr15]"]	0.2	1.0	True
RPS11--PLP2	2	RPS11	2689	chr19:49498053:+	PLP2	9869	chrX:49174761:+	INCL_NON_REF_SPLICE	0.2	["INTERCHROMOSOMAL[chr19--chrX]"]	0.2	1.0	True
RPS10--SNRPB2	2	RPS10	5856	chr6:34417497:-	SNRPB2	14724	chr20:16740952:+	INCL_NON_REF_SPLICE	0.2	["INTERCHROMOSOMAL[chr6--chr20]"]	0.2	1.0	True
RPS10--SEC61G	2	RPS10	5905	chr6:34417448:-	SEC61G	14068	chr7:54752379:-	INCL_NON_REF_SPLICE	0.2	["INTERCHROMOSOMAL[chr6--chr7]"]	0.2	1.0	True
RPP30--RPS24	2	RPP30	3144	chr10:90875593:+	RPS24	19917	chr10:78035538:+	INCL_NON_REF_SPLICE	0.2	["INTRACHROMOSOMAL[chr10:12.81Mb]"]	0.2	1.0	True
RPLP0--RP11-641D5.1	2	RPLP0	2926	chr12:120199310:-	RP11-641D5.1	8853	chr3:169483778:-	INCL_NON_REF_SPLICE	0.2	["INTERCHROMOSOMAL[chr12--chr3]"]	0.2	1.0	True
RPL18A--NME1-NME2	2	RPL18A	2546	chr19:17861421:+	NME1-NME2	13989	chr17:51171621:+	INCL_NON_REF_SPLICE	0.2	["INTERCHROMOSOMAL[chr19--chr17]"]	0.2	1.0	True
RHOA--LCORL	2	RHOA	2179	chr3:49411820:-	LCORL	27839	chr4:17845901:-	ONLY_REF_SPLICE	0.2	["INTERCHROMOSOMAL[chr3--chr4]"]	0.2	1.0	True
RPL17--RPS19	2	RPL17	2763	chr18:49490803:-	RPS19	13500	chr19:41869699:+	INCL_NON_REF_SPLICE	0.2	["INTERCHROMOSOMAL[chr18--chr19]"]	0.2	1.0	True
PTER--NSMCE4A	2	PTER	1548	chr10:16437490:+	NSMCE4A	23046	chr10:121957259:-	ONLY_REF_SPLICE	0.2	["INTRACHROMOSOMAL[chr10:105.44Mb]"]	0.2	1.0	True
REPIN1--LENG1	2	REPIN1	6274	chr7:150373462:+	LENG1	13441	chr19:54155940:-	INCL_NON_REF_SPLICE	0.2	["INTERCHROMOSOMAL[chr7--chr19]"]	0.2	1.0	True
RCC1--SLC33A1	2	RCC1	2920	chr1:28508905:+	SLC33A1	21085	chr3:155845076:-	ONLY_REF_SPLICE	0.2	["INTERCHROMOSOMAL[chr1--chr3]"]	0.2	1.0	True
RCC1--HAUS2	2	RCC1	2950	chr1:28508935:+	HAUS2	25978	chr15:42567373:+	INCL_NON_REF_SPLICE	0.2	["INTERCHROMOSOMAL[chr1--chr15]"]	0.2	1.0	True
RBMX--PIM2	2	RBMX	1163	chrX:136880602:-	PIM2	19962	chrX:48913923:-	INCL_NON_REF_SPLICE	0.2	["INTRACHROMOSOMAL[chrX:87.93Mb]"]	0.2	1.0	True
RBM22--SNX12	2	RBM22	1148	chr5:150700960:-	SNX12	19171	chrX:71059758:-	INCL_NON_REF_SPLICE	0.2	["INTERCHROMOSOMAL[chr5--chrX]"]	0.2	1.0	True
RAPGEF6--RP1-247F3.1	2	RAPGEF6	3403	chr5:131603271:-	RP1-247F3.1	47426	chr5:131261855:-	INCL_NON_REF_SPLICE	0.2	["INTRACHROMOSOMAL[chr5:0.16Mb]"]	0.4	0.5	True
RAPGEF6--HINT1	2	RAPGEF6	3403	chr5:131603271:-	HINT1	50230	chr5:131162676:-	ONLY_REF_SPLICE	0.2	["INTRACHROMOSOMAL[chr5:0.25Mb]"]	0.3	0.6666666666666667	True
RAB3GAP1--CPT1B	2	RAB3GAP1	26545	chr2:135169950:+	CPT1B	41814	chr22:50568969:-	INCL_NON_REF_SPLICE	0.2	["INTERCHROMOSOMAL[chr2--chr22]"]	0.2	1.0	True
RAB18--EIF3L	2	RAB18	3073	chr10:27509930:+	EIF3L	28232	chr22:37875841:+	ONLY_REF_SPLICE	0.2	["INTERCHROMOSOMAL[chr10--chr22]"]	0.2	1.0	True
PUF60--GRN	2	PUF60	5196	chr8:143824329:-	GRN	21249	chr17:44352467:+	INCL_NON_REF_SPLICE	0.2	["INTERCHROMOSOMAL[chr8--chr17]"]	0.2	1.0	True
PTPN7--MYH9	2	PTPN7	6984	chr1:202154267:-	MYH9	55882	chr22:36281941:-	INCL_NON_REF_SPLICE	0.2	["INTERCHROMOSOMAL[chr1--chr22]"]	0.2	1.0	True
PTMA--RP11-234A1.1	2	PTMA	5481	chr2:231711404:+	RP11-234A1.1	10783	chr3:101576783:-	INCL_NON_REF_SPLICE	0.2	["INTERCHROMOSOMAL[chr2--chr3]"]	0.2	1.0	True
PSMG4--CFAP36	2	PSMG4	11936	chr6:3267685:+	CFAP36	35976	chr2:55544907:+	INCL_NON_REF_SPLICE	0.2	["INTERCHROMOSOMAL[chr6--chr2]"]	0.2	1.0	True
RPL17--EED	2	RPL17	5043	chr18:49488523:-	EED	23926	chr11:86278610:+	INCL_NON_REF_SPLICE	0.2	["INTERCHROMOSOMAL[chr18--chr11]"]	0.2	1.0	True
PSMB3--TRIM37	2	PSMB3	2707	chr17:38755990:+	TRIM37	40698	chr17:58982921:-	ONLY_REF_SPLICE	0.2	["INTRACHROMOSOMAL[chr17:20.22Mb]"]	0.2	1.0	True
PSMA5--DNTTIP2	2	PSMA5	1126	chr1:109426302:-	DNTTIP2	20130	chr1:93875783:-	ONLY_REF_SPLICE	0.2	["INTRACHROMOSOMAL[chr1:15.52Mb]"]	0.2	1.0	True
PRR34-AS1--LINC00998	2	PRR34-AS1	4393	chr22:46057210:+	LINC00998	9134	chr7:113116873:-	INCL_NON_REF_SPLICE	0.2	["INTERCHROMOSOMAL[chr22--chr7]"]	0.2	1.0	True
PRPF40B--UBR4	2	PRPF40B	1221	chr12:49568438:+	UBR4	116900	chr1:19076888:-	INCL_NON_REF_SPLICE	0.2	["INTERCHROMOSOMAL[chr12--chr1]"]	0.2	1.0	True
PRDX4--ZNF550	2	PRDX4	2823	chrX:23667811:+	ZNF550	20781	chr19:57543243:-	ONLY_REF_SPLICE	0.2	["INTERCHROMOSOMAL[chrX--chr19]"]	0.2	1.0	True
PRDX2--PTGES3	2	PRDX2	2905	chr19:12799955:-	PTGES3	16065	chr12:56663800:-	INCL_NON_REF_SPLICE	0.2	["INTERCHROMOSOMAL[chr19--chr12]"]	0.2	1.0	True
PPP3R1--QTRT1	2	PPP3R1	2352	chr2:68252362:-	QTRT1	20812	chr19:10712765:+	INCL_NON_REF_SPLICE	0.2	["INTERCHROMOSOMAL[chr2--chr19]"]	0.2	1.0	True
PPIA--SBNO2	2	PPIA	1131	chr7:44796810:+	SBNO2	37787	chr19:1107859:-	INCL_NON_REF_SPLICE	0.2	["INTERCHROMOSOMAL[chr7--chr19]"]	0.2	1.0	True
PPHLN1--RTN3	2	PPHLN1	10271	chr12:42352053:+	RTN3	47732	chr11:63758918:+	INCL_NON_REF_SPLICE	0.2	["INTERCHROMOSOMAL[chr12--chr11]"]	0.2	1.0	True
PPAT--GNG5	2	PPAT	2945	chr4:56407650:-	GNG5	17775	chr1:84506139:-	INCL_NON_REF_SPLICE	0.2	["INTERCHROMOSOMAL[chr4--chr1]"]	0.2	1.0	True
POMP--NDUFB4	2	POMP	5052	chr13:28668549:+	NDUFB4	13659	chr3:120602208:+	INCL_NON_REF_SPLICE	0.2	["INTERCHROMOSOMAL[chr13--chr3]"]	0.2	1.0	True
RPS29--MARS	2	RPS29	5902	chr14:49583583:-	MARS	31931	chr12:57516542:+	INCL_NON_REF_SPLICE	0.2	["INTERCHROMOSOMAL[chr14--chr12]"]	0.2	1.0	True
RNA5-8S5--HEBP2	2	RNA5-8S5	4613	chr21:8439976:+	HEBP2	9330	chr6:138405248:+	INCL_NON_REF_SPLICE	0.2	["INTERCHROMOSOMAL[chr21--chr6]"]	0.2	1.0	True
RNU6-3P--HNRNPD	2	RNU6-3P	1107	chrX:141118030:-	HNRNPD	13142	chr4:82354047:-	INCL_NON_REF_SPLICE	0.2	["INTERCHROMOSOMAL[chrX--chr4]"]	0.2	1.0	True
RNU6-3P--NHP2L1	2	RNU6-3P	1112	chrX:141118025:-	NHP2L1	9648	chr22:41680340:-	INCL_NON_REF_SPLICE	0.2	["INTERCHROMOSOMAL[chrX--chr22]"]	0.2	1.0	True
RNU6-5P--BBIP1	2	RNU6-5P	1101	chr2:174557972:-	BBIP1	13737	chr10:110899990:-	INCL_NON_REF_SPLICE	0.2	["INTERCHROMOSOMAL[chr2--chr10]"]	0.2	1.0	True
RPL17--COMMD8	2	RPL17	2707	chr18:49490859:-	COMMD8	13693	chr4:47450982:-	INCL_NON_REF_SPLICE	0.2	["INTERCHROMOSOMAL[chr18--chr4]"]	0.2	1.0	True
RPL14P1--HNRNPA1	2	RPL14P1	1237	chr12:62965561:+	HNRNPA1	8739	chr12:54284286:+	INCL_NON_REF_SPLICE	0.2	["INTRACHROMOSOMAL[chr12:8.68Mb]"]	0.2	1.0	True
RPL13A--ILKAP	2	RPL13A	4027	chr19:49491785:+	ILKAP	20467	chr2:238170534:-	INCL_NON_REF_SPLICE	0.2	["INTERCHROMOSOMAL[chr19--chr2]"]	0.2	1.0	True
RPL13A--GUK1	2	RPL13A	2829	chr19:49490587:+	GUK1	14949	chr1:228148854:+	INCL_NON_REF_SPLICE	0.2	["INTERCHROMOSOMAL[chr19--chr1]"]	0.2	1.0	True
RPL12--TOPBP1	2	RPL12	3107	chr9:127449299:-	TOPBP1	33817	chr3:133601298:-	INCL_NON_REF_SPLICE	0.2	["INTERCHROMOSOMAL[chr9--chr3]"]	0.2	1.0	True
RPL12--RPS27A	2	RPL12	4470	chr9:127447936:-	RPS27A	11297	chr2:55235467:+	INCL_NON_REF_SPLICE	0.2	["INTERCHROMOSOMAL[chr9--chr2]"]	0.2	1.0	True
RPL12--PHB2	2	RPL12	3108	chr9:127449298:-	PHB2	13099	chr12:6965459:-	INCL_NON_REF_SPLICE	0.2	["INTERCHROMOSOMAL[chr9--chr12]"]	0.2	1.0	True
RPL12--NOP56	2	RPL12	4727	chr9:127447679:-	NOP56	13619	chr20:2658031:+	INCL_NON_REF_SPLICE	0.2	["INTERCHROMOSOMAL[chr9--chr20]"]	0.2	1.0	True
RPL12--EEF1G	2	RPL12	1648	chr9:127450758:-	EEF1G	13839	chr11:62560193:-	INCL_NON_REF_SPLICE	0.2	["INTERCHROMOSOMAL[chr9--chr11]"]	0.2	1.0	True
RPL12--ECE2	2	RPL12	4529	chr9:127447877:-	ECE2	10152	chr3:184258651:+	INCL_NON_REF_SPLICE	0.2	["INTERCHROMOSOMAL[chr9--chr3]"]	0.2	1.0	True
RPL11--NDUFS6	2	RPL11	5083	chr1:23695908:+	NDUFS6	9522	chr5:1802321:+	ONLY_REF_SPLICE	0.2	["INTERCHROMOSOMAL[chr1--chr5]"]	0.2	1.0	True
RPL11--BTF3	2	RPL11	1985	chr1:23692763:+	BTF3	13475	chr5:73505347:+	INCL_NON_REF_SPLICE	0.2	["INTERCHROMOSOMAL[chr1--chr5]"]	0.2	1.0	True
RPL11--ATP5G2	2	RPL11	1985	chr1:23692763:+	ATP5G2	13716	chr12:53669948:-	INCL_NON_REF_SPLICE	0.2	["INTERCHROMOSOMAL[chr1--chr12]"]	0.2	1.0	True
RPL10A--TPT1	2	RPL10A	2893	chr6:35470300:+	TPT1	8994	chr13:45338755:-	INCL_NON_REF_SPLICE	0.2	["INTERCHROMOSOMAL[chr6--chr13]"]	0.2	1.0	True
RPH3A--NDUFA12	2	RPH3A	1165	chr12:112570544:+	NDUFA12	48831	chr12:94971620:-	ONLY_REF_SPLICE	0.2	["INTRACHROMOSOMAL[chr12:17.57Mb]"]	0.2	1.0	True
RPF1--RP11-466H18.1	2	RPF1	1224	chr1:84479482:+	RP11-466H18.1	12060	chr11:16974878:-	INCL_NON_REF_SPLICE	0.2	["INTERCHROMOSOMAL[chr1--chr11]"]	0.2	1.0	True
RPAIN--TUBA1B	2	RPAIN	2773	chr17:5421417:+	TUBA1B	18623	chr12:49128049:-	INCL_NON_REF_SPLICE	0.2	["INTERCHROMOSOMAL[chr17--chr12]"]	0.2	1.0	True
RP4-665J23.1--PANK2	2	RP4-665J23.1	1168	chr1:90851483:-	PANK2	21700	chr20:3918671:+	ONLY_REF_SPLICE	0.2	["INTERCHROMOSOMAL[chr1--chr20]"]	0.2	1.0	True
RP11-96H19.1--RP11-618L22.1	2	RP11-96H19.1	2790	chr12:46388053:+	RP11-618L22.1	10785	chr12:46970979:+	INCL_NON_REF_SPLICE	0.2	["INTRACHROMOSOMAL[chr12:0.09Mb]","NEIGHBORS[94345]"]	0.2	1.0	True
RP11-689B22.2--UCHL1	2	RP11-689B22.2	3762	chr12:108636455:+	UCHL1	12818	chr4:41263225:+	ONLY_REF_SPLICE	0.2	["INTERCHROMOSOMAL[chr12--chr4]"]	0.2	1.0	True
RP11-572P18.1--B2M	2	RP11-572P18.1	1307	chr10:120354877:-	B2M	9365	chr15:44717844:+	INCL_NON_REF_SPLICE	0.2	["INTERCHROMOSOMAL[chr10--chr15]"]	0.2	1.0	True
RP11-543P15.1--RPL37A	2	RP11-543P15.1	1127	chr12:3211791:-	RPL37A	7433	chr2:216501366:+	INCL_NON_REF_SPLICE	0.2	["INTERCHROMOSOMAL[chr12--chr2]"]	0.2	1.0	True
RP11-475C16.1--CTD-2020K17.1	2	RP11-475C16.1	1143	chr6:153282591:-	CTD-2020K17.1	9415	chr17:45191170:-	INCL_NON_REF_SPLICE	0.2	["INTERCHROMOSOMAL[chr6--chr17]"]	0.2	1.0	True
RP11-410L14.2--PGAM5	2	RP11-410L14.2	1176	chr8:99012869:-	PGAM5	11264	chr12:132720678:+	ONLY_REF_SPLICE	0.2	["INTERCHROMOSOMAL[chr8--chr12]"]	0.2	1.0	True
RP11-298I3.1--NUTF2	2	RP11-298I3.1	2194	chr14:22933692:+	NUTF2	9262	chr16:67865102:+	ONLY_REF_SPLICE	0.2	["INTERCHROMOSOMAL[chr14--chr16]"]	0.2	1.0	True
RPS29--LHX4-AS1	2	RPS29	4129	chr14:49585978:-	LHX4-AS1	26366	chr1:180288469:-	INCL_NON_REF_SPLICE	0.2	["INTERCHROMOSOMAL[chr14--chr1]"]	0.2	1.0	True
ZFAS1--PSMG3	2	ZFAS1	2031	chr20:49279208:+	PSMG3	12824	chr7:1569360:-	ONLY_REF_SPLICE	0.2	["INTERCHROMOSOMAL[chr20--chr7]"]	0.2	1.0	True
RPS29--PCCA	2	RPS29	5913	chr14:49583572:-	PCCA	50580	chr13:100530305:+	INCL_NON_REF_SPLICE	0.2	["INTERCHROMOSOMAL[chr14--chr13]"]	0.2	1.0	True
TRMT61A--MRPL2	2	TRMT61A	2088	chr14:103530271:+	MRPL2	13473	chr6:43056126:-	INCL_NON_REF_SPLICE	0.2	["INTERCHROMOSOMAL[chr14--chr6]"]	0.2	1.0	True
UTP6--MTND1P23	2	UTP6	8668	chr17:31887247:-	MTND1P23	27413	chr1:629287:+	INCL_NON_REF_SPLICE	0.2	["INTERCHROMOSOMAL[chr17--chr1]"]	0.2	1.0	True
USP20--GAS5	2	USP20	9515	chr9:129863299:+	GAS5	29574	chr1:173864704:-	ONLY_REF_SPLICE	0.2	["INTERCHROMOSOMAL[chr9--chr1]"]	0.2	1.0	True
USMG5--RPL27A	2	USMG5	5256	chr10:103389104:-	RPL27A	11644	chr11:8685735:+	INCL_NON_REF_SPLICE	0.2	["INTERCHROMOSOMAL[chr10--chr11]"]	0.2	1.0	True
UQCRB--RPS20	2	UQCRB	4730	chr8:96231905:-	RPS20	15065	chr8:56073232:-	INCL_NON_REF_SPLICE	0.2	["INTRACHROMOSOMAL[chr8:40.15Mb]"]	0.2	1.0	True
UQCC2--NOL7	2	UQCC2	5251	chr6:33697563:-	NOL7	15711	chr6:13620754:+	INCL_NON_REF_SPLICE	0.2	["INTRACHROMOSOMAL[chr6:20.06Mb]"]	0.2	1.0	True
UNKL--RPS15	2	UNKL	1797	chr16:1413955:-	RPS15	28395	chr19:1440075:+	INCL_NON_REF_SPLICE	0.2	["INTERCHROMOSOMAL[chr16--chr19]"]	0.2	1.0	True
UBE4A--RPLP0	2	UBE4A	4157	chr11:118369535:+	RPLP0	30751	chr12:120197462:-	ONLY_REF_SPLICE	0.2	["INTERCHROMOSOMAL[chr11--chr12]"]	0.2	1.0	True
UBE2T--ACTG1	2	UBE2T	4200	chr1:202333272:-	ACTG1	13696	chr17:81510245:-	INCL_NON_REF_SPLICE	0.2	["INTERCHROMOSOMAL[chr1--chr17]"]	0.2	1.0	True
UBE2G2--OCIAD2	2	UBE2G2	7524	chr21:44777299:-	OCIAD2	25305	chr4:48885565:-	ONLY_REF_SPLICE	0.2	["INTERCHROMOSOMAL[chr21--chr4]"]	0.2	1.0	True
UBC--NEDD8	2	UBC	3920	chr12:124913582:-	NEDD8	14355	chr14:24218181:-	INCL_NON_REF_SPLICE	0.2	["INTERCHROMOSOMAL[chr12--chr14]"]	0.2	1.0	True
U2AF1--FAM207A	2	U2AF1	15336	chr21:6499129:-	FAM207A	35798	chr21:44976680:+	ONLY_REF_SPLICE	0.2	["INTRACHROMOSOMAL[chr21:1.83Mb]"]	0.2	1.0	True
TSSC1--LINC00152	2	TSSC1	4895	chr2:3338017:-	LINC00152	31918	chr2:87521207:+	ONLY_REF_SPLICE	0.2	["INTRACHROMOSOMAL[chr2:84.08Mb]"]	0.2	1.0	True
TRMT112--TOMM22	2	TRMT112	2346	chr11:64316739:-	TOMM22	8055	chr22:38684377:+	INCL_NON_REF_SPLICE	0.2	["INTERCHROMOSOMAL[chr11--chr22]"]	0.2	1.0	True
TIMM44--RPS18	2	TIMM44	3581	chr19:7938027:-	RPS18	17475	chr6:33275925:+	INCL_NON_REF_SPLICE	0.2	["INTERCHROMOSOMAL[chr19--chr6]"]	0.2	1.0	True
TRAM1--RPS3A	2	TRAM1	1145	chr8:70608243:-	RPS3A	18762	chr4:151102973:+	INCL_NON_REF_SPLICE	0.2	["INTERCHROMOSOMAL[chr8--chr4]"]	0.2	1.0	True
TOP2A--MAGEA3	2	TOP2A	1171	chr17:40417780:-	MAGEA3	28107	chrX:152701573:+	INCL_NON_REF_SPLICE	0.2	["INTERCHROMOSOMAL[chr17--chrX]"]	0.2	1.0	True
TOMM20--PSMA3	2	TOMM20	1346	chr1:235128591:-	PSMA3	22506	chr14:58270976:+	INCL_NON_REF_SPLICE	0.2	["INTERCHROMOSOMAL[chr1--chr14]"]	0.2	1.0	True
TNPO1--NDUFS4	2	TNPO1	5174	chr5:72851319:+	NDUFS4	46183	chr5:53683118:+	ONLY_REF_SPLICE	0.2	["INTRACHROMOSOMAL[chr5:19.13Mb]"]	0.2	1.0	True
TMX2--UBA52	2	TMX2	1220	chr11:57712819:+	UBA52	10524	chr19:18573679:+	INCL_NON_REF_SPLICE	0.2	["INTERCHROMOSOMAL[chr11--chr19]"]	0.2	1.0	True
TMSB4X--MRPL22	2	TMSB4X	2789	chrX:12976896:+	MRPL22	13642	chr5:154966862:+	INCL_NON_REF_SPLICE	0.2	["INTERCHROMOSOMAL[chrX--chr5]"]	0.2	1.0	True
TMSB4X--LSM4	2	TMSB4X	3120	chrX:12977227:+	LSM4	12258	chr19:18307369:-	INCL_NON_REF_SPLICE	0.2	["INTERCHROMOSOMAL[chrX--chr19]"]	0.2	1.0	True
TMSB4X--KPNA2	2	TMSB4X	2799	chrX:12976906:+	KPNA2	14612	chr17:68046510:+	INCL_NON_REF_SPLICE	0.2	["INTERCHROMOSOMAL[chrX--chr17]"]	0.2	1.0	True
TMSB4X--ITM2A	2	TMSB4X	3124	chrX:12977231:+	ITM2A	10429	chrX:79360958:-	INCL_NON_REF_SPLICE	0.2	["INTRACHROMOSOMAL[chrX:66.38Mb]"]	0.2	1.0	True
TMSB10--NELFA	2	TMSB10	1453	chr2:84906077:+	NELFA	22891	chr4:1982867:-	INCL_NON_REF_SPLICE	0.2	["INTERCHROMOSOMAL[chr2--chr4]"]	0.2	1.0	True
TMEM50A--RPL13	2	TMEM50A	1523	chr1:25338439:+	RPL13	14021	chr16:89561264:+	INCL_NON_REF_SPLICE	0.2	["INTERCHROMOSOMAL[chr1--chr16]"]	0.2	1.0	True
TMA7--SNRPD1	2	TMA7	1321	chr3:48440577:+	SNRPD1	9584	chr18:21629114:+	INCL_NON_REF_SPLICE	0.2	["INTERCHROMOSOMAL[chr3--chr18]"]	0.2	1.0	True
UXT--UBE2Q2P6	2	UXT	4388	chrX:47651804:-	UBE2Q2P6	7891	chr15:82372416:-	INCL_NON_REF_SPLICE	0.2	["INTERCHROMOSOMAL[chrX--chr15]"]	0.2	1.0	True
VKORC1--EMC4	2	VKORC1	5703	chr16:31090838:-	EMC4	13733	chr15:34230032:+	INCL_NON_REF_SPLICE	0.2	["INTERCHROMOSOMAL[chr16--chr15]"]	0.2	1.0	True
VPS36--SRM	2	VPS36	7499	chr13:52433662:-	SRM	25591	chr1:11055084:-	ONLY_REF_SPLICE	0.2	["INTERCHROMOSOMAL[chr13--chr1]"]	0.2	1.0	True
VPS4B--SNRPD1	2	VPS4B	1251	chr18:63422233:-	SNRPD1	19249	chr18:21622725:+	ONLY_REF_SPLICE	0.2	["INTRACHROMOSOMAL[chr18:41.76Mb]"]	0.2	1.0	True
ZW10--ALG9	2	ZW10	1250	chr11:113773562:-	ALG9	35711	chr11:111809773:-	ONLY_REF_SPLICE	0.2	["INTRACHROMOSOMAL[chr11:1.86Mb]"]	0.2	1.0	True
ZRANB3--GLUD1P7	2	ZRANB3	2907	chr2:135504329:-	GLUD1P7	43294	chr10:46772484:-	ONLY_REF_SPLICE	0.2	["INTERCHROMOSOMAL[chr2--chr10]"]	0.2	1.0	True
ZNF718--C14orf2	2	ZNF718	3535	chr4:131505:+	C14orf2	17010	chr14:103912694:-	ONLY_REF_SPLICE	0.2	["INTERCHROMOSOMAL[chr4--chr14]"]	0.2	1.0	True
ZNF700--CCDC57	2	ZNF700	1206	chr19:11925273:+	CCDC57	46588	chr17:82101866:-	ONLY_REF_SPLICE	0.2	["INTERCHROMOSOMAL[chr19--chr17]"]	0.2	1.0	True
ZNF655--ATP5J2	2	ZNF655	2805	chr7:99560695:+	ATP5J2	18598	chr7:99460193:-	ONLY_REF_SPLICE	0.2	["INTRACHROMOSOMAL[chr7:0.09Mb]","LOCAL_INVERSION:+:-:[92075]"]	0.2	1.0	True
ZNF519--GAS5	2	ZNF519	2343	chr18:14124350:-	GAS5	33714	chr1:173864506:-	ONLY_REF_SPLICE	0.2	["INTERCHROMOSOMAL[chr18--chr1]"]	0.2	1.0	True
ZNF451--SNRPA1	2	ZNF451	5856	chr6:57099141:+	SNRPA1	43988	chr15:101287702:-	ONLY_REF_SPLICE	0.2	["INTERCHROMOSOMAL[chr6--chr15]"]	0.2	1.0	True
ZNF431--WDR4	2	ZNF431	2256	chr19:21143643:+	WDR4	38492	chr21:42843281:-	ONLY_REF_SPLICE	0.2	["INTERCHROMOSOMAL[chr19--chr21]"]	0.2	1.0	True
ZNF37A--GCFC2	2	ZNF37A	3297	chr10:38096632:+	GCFC2	32891	chr2:75670284:-	ONLY_REF_SPLICE	0.2	["INTERCHROMOSOMAL[chr10--chr2]"]	0.2	1.0	True
ZNF33B--NUDT5	2	ZNF33B	2148	chr10:42636920:-	NUDT5	30806	chr10:12167811:-	ONLY_REF_SPLICE	0.2	["INTRACHROMOSOMAL[chr10:30.38Mb]"]	0.2	1.0	True
ZNF33A--ORC2	2	ZNF33A	2172	chr10:38012335:+	ORC2	35616	chr2:200911151:-	INCL_NON_REF_SPLICE	0.2	["INTERCHROMOSOMAL[chr10--chr2]"]	0.2	1.0	True
ZNF20--RP11-328K4.1	2	ZNF20	1228	chr19:12140180:-	RP11-328K4.1	16610	chr4:103436935:+	ONLY_REF_SPLICE	0.2	["INTERCHROMOSOMAL[chr19--chr4]"]	0.2	1.0	True
POLR2L--RPS19	2	POLR2L	2260	chr11:840353:-	RPS19	12529	chr19:41869699:+	INCL_NON_REF_SPLICE	0.2	["INTERCHROMOSOMAL[chr11--chr19]"]	0.2	1.0	True
ZFAS1--MRPS18C	2	ZFAS1	2031	chr20:49279208:+	MRPS18C	16355	chr4:83461283:+	INCL_NON_REF_SPLICE	0.2	["INTERCHROMOSOMAL[chr20--chr4]"]	0.2	1.0	True
ZFAS1--GRSF1	2	ZFAS1	2031	chr20:49279208:+	GRSF1	21285	chr4:70820861:-	ONLY_REF_SPLICE	0.2	["INTERCHROMOSOMAL[chr20--chr4]"]	0.2	1.0	True
ZC3H3--EEF1DP1	2	ZC3H3	4593	chr8:143536257:-	EEF1DP1	18148	chr19:14071007:+	INCL_NON_REF_SPLICE	0.2	["INTERCHROMOSOMAL[chr8--chr19]"]	0.2	1.0	True
YWHAE--ZCCHC2	2	YWHAE	1332	chr17:1400047:-	ZCCHC2	37369	chr18:62584446:+	ONLY_REF_SPLICE	0.2	["INTERCHROMOSOMAL[chr17--chr18]"]	0.2	1.0	True
YTHDF3--GGH	2	YTHDF3	1859	chr8:63169411:+	GGH	23528	chr8:63024186:-	ONLY_REF_SPLICE	0.2	["INTRACHROMOSOMAL[chr8:0.13Mb]"]	0.2	1.0	True
YBX1--HIST1H1C	2	YBX1	6185	chr1:42700827:+	HIST1H1C	10774	chr6:26056362:-	INCL_NON_REF_SPLICE	0.2	["INTERCHROMOSOMAL[chr1--chr6]"]	0.2	1.0	True
XRCC6--OTUD6B-AS1	2	XRCC6	3081	chr22:41628230:+	OTUD6B-AS1	20673	chr8:91063746:-	ONLY_REF_SPLICE	0.2	["INTERCHROMOSOMAL[chr22--chr8]"]	0.2	1.0	True
XRCC6--FTL	2	XRCC6	3040	chr22:41628189:+	FTL	17534	chr19:48965441:+	INCL_NON_REF_SPLICE	0.2	["INTERCHROMOSOMAL[chr22--chr19]"]	0.2	1.0	True
WHSC1--UXT	2	WHSC1	15609	chr4:1935262:+	UXT	50084	chrX:47652144:-	ONLY_REF_SPLICE	0.2	["INTERCHROMOSOMAL[chr4--chrX]"]	0.2	1.0	True
WDR92--MARS	2	WDR92	4924	chr2:68141738:-	MARS	32546	chr12:57516547:+	INCL_NON_REF_SPLICE	0.2	["INTERCHROMOSOMAL[chr2--chr12]"]	0.2	1.0	True
WASH7P--TAPBPL	2	WASH7P	2292	chr12:26801:-	TAPBPL	15812	chr12:6460855:+	ONLY_REF_SPLICE	0.2	["INTRACHROMOSOMAL[chr12:6.42Mb]"]	0.2	1.0	True
VTI1A--GDAP1	2	VTI1A	11748	chr10:112538330:+	GDAP1	34074	chr8:74488678:+	ONLY_REF_SPLICE	0.2	["INTERCHROMOSOMAL[chr10--chr8]"]	0.2	1.0	True
TIMMDC1--HSP90B1	2	TIMMDC1	8039	chr3:119524066:+	HSP90B1	24762	chr12:103947801:+	INCL_NON_REF_SPLICE	0.2	["INTERCHROMOSOMAL[chr3--chr12]"]	0.2	1.0	True
THYN1--RWDD1	2	THYN1	1508	chr11:134252863:-	RWDD1	18036	chr6:116593082:+	INCL_NON_REF_SPLICE	0.2	["INTERCHROMOSOMAL[chr11--chr6]"]	0.2	1.0	True
RPS3--ANAPC5	2	RPS3	3933	chr11:75402418:+	ANAPC5	37909	chr12:121308475:-	INCL_NON_REF_SPLICE	0.2	["INTERCHROMOSOMAL[chr11--chr12]"]	0.2	1.0	True
SERF2--EEF1A1	2	SERF2	12083	chr15:43801548:+	EEF1A1	21715	chr6:73517661:-	INCL_NON_REF_SPLICE	0.2	["INTERCHROMOSOMAL[chr15--chr6]"]	0.2	1.0	True
SLIRP--SSR2	2	SLIRP	6285	chr14:77717562:+	SSR2	23173	chr1:156009204:-	INCL_NON_REF_SPLICE	0.2	["INTERCHROMOSOMAL[chr14--chr1]"]	0.2	1.0	True
SLC27A5--RPL18AP3	2	SLC27A5	9320	chr19:58499123:-	RPL18AP3	16919	chr12:104265326:+	INCL_NON_REF_SPLICE	0.2	["INTERCHROMOSOMAL[chr19--chr12]"]	0.2	1.0	True
SLC17A5--COX5A	2	SLC17A5	1363	chr6:73653793:-	COX5A	21325	chr15:74923770:-	ONLY_REF_SPLICE	0.2	["INTERCHROMOSOMAL[chr6--chr15]"]	0.2	1.0	True
SHMT2--PLD3	2	SHMT2	2604	chr12:57230930:+	PLD3	21634	chr19:40378308:+	INCL_NON_REF_SPLICE	0.2	["INTERCHROMOSOMAL[chr12--chr19]"]	0.2	1.0	True
SH3BP5L--CALR	2	SH3BP5L	2449	chr1:248825185:-	CALR	19360	chr19:12944235:+	INCL_NON_REF_SPLICE	0.2	["INTERCHROMOSOMAL[chr1--chr19]"]	0.2	1.0	True
SF3B1--HSPE1	2	SF3B1	2287	chr2:197423808:-	HSPE1	29809	chr2:197503039:+	ONLY_REF_SPLICE	0.2	["INTRACHROMOSOMAL[chr2:0.06Mb]","LOCAL_INVERSION:-:+:[64903]"]	0.2	1.0	True
SF3A1--HORMAD2-AS1	2	SF3A1	3954	chr22:30346312:-	HORMAD2-AS1	24818	chr22:30018729:-	ONLY_REF_SPLICE	0.2	["CCLE_StarF2019","INTRACHROMOSOMAL[chr22:0.25Mb]"]	1.7	0.11764705882352942	True
SF3A1--HORMAD2-AS1	2	SF3A1	3954	chr22:30346312:-	HORMAD2-AS1	25931	chr22:30009196:-	ONLY_REF_SPLICE	0.2	["CCLE_StarF2019","INTRACHROMOSOMAL[chr22:0.25Mb]"]	1.7	0.11764705882352942	True
SERF2--RPL10AP6	2	SERF2	6304	chr15:43793990:+	RPL10AP6	16480	chr3:61742751:-	INCL_NON_REF_SPLICE	0.2	["INTERCHROMOSOMAL[chr15--chr3]"]	0.2	1.0	True
SERF2--PCGF2	2	SERF2	12108	chr15:43801573:+	PCGF2	24373	chr17:38735112:-	INCL_NON_REF_SPLICE	0.2	["INTERCHROMOSOMAL[chr15--chr17]"]	0.2	1.0	True
SERF2--LY96	2	SERF2	12089	chr15:43801554:+	LY96	18505	chr8:74010088:+	INCL_NON_REF_SPLICE	0.2	["INTERCHROMOSOMAL[chr15--chr8]"]	0.2	1.0	True
SERF2--KPNA2	2	SERF2	11319	chr15:43800784:+	KPNA2	24673	chr17:68046567:+	INCL_NON_REF_SPLICE	0.2	["INTERCHROMOSOMAL[chr15--chr17]"]	0.2	1.0	True
SEC11C--TXN2	2	SEC11C	7698	chr18:59155761:+	TXN2	18163	chr22:36467908:-	INCL_NON_REF_SPLICE	0.2	["INTERCHROMOSOMAL[chr18--chr22]"]	0.2	1.0	True
TCEB3--RPL11	2	TCEB3	4044	chr1:23749948:+	RPL11	20779	chr1:23695798:+	ONLY_REF_SPLICE	0.2	["INTRACHROMOSOMAL[chr1:0.05Mb]","LOCAL_REARRANGEMENT:+:[46730]"]	0.2	1.0	True
SEC11C--ADSL	2	SEC11C	7670	chr18:59155733:+	ADSL	25365	chr22:40364973:+	INCL_NON_REF_SPLICE	0.2	["INTERCHROMOSOMAL[chr18--chr22]"]	0.2	1.0	True
SAMD12--SSR3	2	SAMD12	2373	chr8:118580715:-	SSR3	25701	chr3:156544439:-	ONLY_REF_SPLICE	0.2	["INTERCHROMOSOMAL[chr8--chr3]"]	0.2	1.0	True
RPSA--RPL23	2	RPSA	2022	chr3:39407710:+	RPL23	12960	chr17:38850466:-	INCL_NON_REF_SPLICE	0.2	["INTERCHROMOSOMAL[chr3--chr17]"]	0.2	1.0	True
RPSA--MYL12A	2	RPSA	2092	chr3:39407780:+	MYL12A	10577	chr18:3248475:+	INCL_NON_REF_SPLICE	0.2	["INTERCHROMOSOMAL[chr3--chr18]"]	0.2	1.0	True
RPS8--RPL31	2	RPS8	3539	chr1:44777789:+	RPL31	9624	chr2:101004158:+	ONLY_REF_SPLICE	0.2	["INTERCHROMOSOMAL[chr1--chr2]"]	0.2	1.0	True
RPS8--RPL18AP3	2	RPS8	2464	chr1:44776714:+	RPL18AP3	7934	chr12:104265713:+	INCL_NON_REF_SPLICE	0.2	["INTERCHROMOSOMAL[chr1--chr12]"]	0.2	1.0	True
RPS5--SNHG17	2	RPS5	5919	chr19:58394699:+	SNHG17	17960	chr20:38420711:-	INCL_NON_REF_SPLICE	0.2	["INTERCHROMOSOMAL[chr19--chr20]"]	0.2	1.0	True
RPS5--ODC1	2	RPS5	5917	chr19:58394697:+	ODC1	15653	chr2:10440614:-	INCL_NON_REF_SPLICE	0.2	["INTERCHROMOSOMAL[chr19--chr2]"]	0.2	1.0	True
RPS5--FAM175A	2	RPS5	4707	chr19:58393487:+	FAM175A	11669	chr4:83484166:-	ONLY_REF_SPLICE	0.2	["INTERCHROMOSOMAL[chr19--chr4]"]	0.2	1.0	True
RPS4X--GID8	2	RPS4X	5069	chrX:72273232:-	GID8	15940	chr20:62945501:+	INCL_NON_REF_SPLICE	0.2	["INTERCHROMOSOMAL[chrX--chr20]"]	0.2	1.0	True
RPS3A--CTD-2287O16.1	2	RPS3A	1158	chr4:151099730:+	CTD-2287O16.1	8421	chr5:116052241:-	INCL_NON_REF_SPLICE	0.2	["INTERCHROMOSOMAL[chr4--chr5]"]	0.2	1.0	True
RPS3--RPL41	2	RPS3	2312	chr11:75400797:+	RPL41	13120	chr7:137513969:+	INCL_NON_REF_SPLICE	0.2	["INTERCHROMOSOMAL[chr11--chr7]"]	0.2	1.0	True
SLX4IP--NDUFB2	2	SLX4IP	1151	chr20:10435453:+	NDUFB2	25657	chr7:140702866:+	ONLY_REF_SPLICE	0.2	["INTERCHROMOSOMAL[chr20--chr7]"]	0.2	1.0	True
SMEK2--PEX2	2	SMEK2	21409	chr2:55558775:-	PEX2	29037	chr8:77000132:-	ONLY_REF_SPLICE	0.2	["INTERCHROMOSOMAL[chr2--chr8]"]	0.2	1.0	True
SNHG1--SEC22A	2	SNHG1	1782	chr11:62855133:-	SEC22A	18036	chr3:123271522:+	ONLY_REF_SPLICE	0.2	["INTERCHROMOSOMAL[chr11--chr3]"]	0.2	1.0	True
SNHG3--PIGN	2	SNHG3	3181	chr1:28508160:+	PIGN	42545	chr18:62074821:-	ONLY_REF_SPLICE	0.2	["INTERCHROMOSOMAL[chr1--chr18]"]	0.2	1.0	True
TBCA--NDUFB3	2	TBCA	7867	chr5:77693250:-	NDUFB3	16125	chr2:201085561:+	INCL_NON_REF_SPLICE	0.2	["INTERCHROMOSOMAL[chr5--chr2]"]	0.2	1.0	True
TAF1D--PRR22	2	TAF1D	5869	chr11:93738128:-	PRR22	18430	chr19:5783385:-	INCL_NON_REF_SPLICE	0.2	["INTERCHROMOSOMAL[chr11--chr19]"]	0.2	1.0	True
SYNJ1--MRPS6	2	SYNJ1	2277	chr21:32726772:-	MRPS6	44399	chr21:34142408:+	ONLY_REF_SPLICE	0.2	["INTRACHROMOSOMAL[chr21:1.39Mb]"]	0.2	1.0	True
SUZ12P1--PML	2	SUZ12P1	2620	chr17:30731812:+	PML	33180	chr15:74036020:+	INCL_NON_REF_SPLICE	0.2	["INTERCHROMOSOMAL[chr17--chr15]"]	0.2	1.0	True
SURF4--RPL7A	2	SURF4	3213	chr9:133367259:-	RPL7A	13722	chr9:133349912:+	ONLY_REF_SPLICE	0.2	["INTRACHROMOSOMAL[chr9:0.01Mb]","LOCAL_INVERSION:-:+:[10023]"]	0.2	1.0	True
SUPT20H--RPL10AP6	2	SUPT20H	5657	chr13:37047878:-	RPL10AP6	34524	chr3:61742649:-	INCL_NON_REF_SPLICE	0.2	["INTERCHROMOSOMAL[chr13--chr3]"]	0.2	1.0	True
SUGP1--ATP5G2	2	SUGP1	3833	chr19:19310097:-	ATP5G2	26552	chr12:53665273:-	INCL_NON_REF_SPLICE	0.2	["INTERCHROMOSOMAL[chr19--chr12]"]	0.2	1.0	True
SUB1--PAGE5	2	SUB1	6502	chr5:32588584:+	PAGE5	22862	chrX:55222700:+	INCL_NON_REF_SPLICE	0.2	["INTERCHROMOSOMAL[chr5--chrX]"]	0.2	1.0	True
STOM--GLMN	2	STOM	1178	chr9:121370127:-	GLMN	29151	chr1:92247144:-	ONLY_REF_SPLICE	0.2	["INTERCHROMOSOMAL[chr9--chr1]"]	0.2	1.0	True
STAT1--NDUFV1	2	STAT1	3487	chr2:191013525:-	NDUFV1	38069	chr11:67612372:+	ONLY_REF_SPLICE	0.2	["INTERCHROMOSOMAL[chr2--chr11]"]	0.2	1.0	True
SSR2--RPS16	2	SSR2	1947	chr1:156020013:-	RPS16	16234	chr19:39433569:-	ONLY_REF_SPLICE	0.2	["INTERCHROMOSOMAL[chr1--chr19]"]	0.2	1.0	True
SRRT--ALDOA	2	SRRT	7161	chr7:100885030:+	ALDOA	24200	chr16:30069856:+	INCL_NON_REF_SPLICE	0.2	["INTERCHROMOSOMAL[chr7--chr16]"]	0.2	1.0	True
SRP14--RPL14	2	SRP14	1304	chr15:40038885:-	RPL14	10962	chr3:40462053:+	INCL_NON_REF_SPLICE	0.2	["INTERCHROMOSOMAL[chr15--chr3]"]	0.3	0.6666666666666667	True
SRP14--RPL14	2	SRP14	3752	chr15:40036437:-	RPL14	10960	chr3:40462051:+	INCL_NON_REF_SPLICE	0.2	["INTERCHROMOSOMAL[chr15--chr3]"]	0.3	0.6666666666666667	True
SOD1--MRPL13	2	SOD1	1226	chr21:31659847:+	MRPL13	19863	chr8:120395967:-	INCL_NON_REF_SPLICE	0.2	["INTERCHROMOSOMAL[chr21--chr8]"]	0.2	1.0	True
SNURF--SRP9	2	SNURF	2173	chr15:24962209:+	SRP9	10687	chr1:225777935:+	INCL_NON_REF_SPLICE	0.2	["INTERCHROMOSOMAL[chr15--chr1]"]	0.2	1.0	True
SNRPN--SRP9	2	SNRPN	9029	chr15:24962209:+	SRP9	19642	chr1:225777935:+	INCL_NON_REF_SPLICE	0.2	["INTERCHROMOSOMAL[chr15--chr1]"]	0.2	1.0	True
SNRPE--RAB5C	2	SNRPE	1624	chr1:203862226:+	RAB5C	17924	chr17:42125078:-	INCL_NON_REF_SPLICE	0.2	["INTERCHROMOSOMAL[chr1--chr17]"]	0.2	1.0	True
SNRPD3--RPS23P8	2	SNRPD3	5250	chr22:24571973:+	RPS23P8	14548	chrX:70963187:+	INCL_NON_REF_SPLICE	0.2	["INTERCHROMOSOMAL[chr22--chrX]"]	0.2	1.0	True
SNRPD2--COX6C	2	SNRPD2	5869	chr19:45687477:-	COX6C	15204	chr8:99878265:-	INCL_NON_REF_SPLICE	0.2	["INTERCHROMOSOMAL[chr19--chr8]"]	0.2	1.0	True
SNRNP27--MBD2	2	SNRNP27	4601	chr2:69897456:+	MBD2	18878	chr18:54164550:-	INCL_NON_REF_SPLICE	0.2	["INTERCHROMOSOMAL[chr2--chr18]"]	0.2	1.0	True
SNORA49--IDH3B	2	SNORA49	1128	chr12:132031351:+	IDH3B	6798	chr20:2660082:-	INCL_NON_REF_SPLICE	0.2	["INTERCHROMOSOMAL[chr12--chr20]"]	0.2	1.0	True
SNHG5--LCORL	2	SNHG5	1783	chr6:85677954:-	LCORL	23924	chr4:17845901:-	ONLY_REF_SPLICE	0.2	["INTERCHROMOSOMAL[chr6--chr4]"]	0.2	1.0	True
SNHG5--HSPA5	2	SNHG5	2572	chr6:85677165:-	HSPA5	14774	chr9:125236351:-	INCL_NON_REF_SPLICE	0.2	["INTERCHROMOSOMAL[chr6--chr9]"]	0.2	1.0	True
SNHG5--EIF3H	2	SNHG5	1783	chr6:85677954:-	EIF3H	23447	chr8:116648926:-	ONLY_REF_SPLICE	0.2	["INTERCHROMOSOMAL[chr6--chr8]"]	0.2	1.0	True
POLR3K--RPL3	2	POLR3K	3843	chr16:47453:-	RPL3	12682	chr22:39315447:-	INCL_NON_REF_SPLICE	0.2	["INTERCHROMOSOMAL[chr16--chr22]"]	0.2	1.0	True
HYPK--KPNA2	2	HYPK	5643	chr15:43800784:+	KPNA2	19451	chr17:68046567:+	INCL_NON_REF_SPLICE	0.2	["INTERCHROMOSOMAL[chr15--chr17]"]	0.2	1.0	True
POLR2I--CHERP	2	POLR2I	2634	chr19:36113713:-	CHERP	20330	chr19:16519352:-	INCL_NON_REF_SPLICE	0.2	["INTRACHROMOSOMAL[chr19:19.57Mb]"]	0.2	1.0	True
DAGLB--RPS3	2	DAGLB	1187	chr7:6484004:-	RPS3	23680	chr11:75400748:+	INCL_NON_REF_SPLICE	0.2	["INTERCHROMOSOMAL[chr7--chr11]"]	0.2	1.0	True
EIF1--RPL7A	2	EIF1	3097	chr17:41690981:+	RPL7A	10854	chr9:133351283:+	INCL_NON_REF_SPLICE	0.2	["INTERCHROMOSOMAL[chr17--chr9]"]	0.2	1.0	True
EIF1--ATP6V0B	2	EIF1	2057	chr17:41689941:+	ATP6V0B	11346	chr1:43978048:+	INCL_NON_REF_SPLICE	0.2	["INTERCHROMOSOMAL[chr17--chr1]"]	0.2	1.0	True
EEF1A1--STRAP	2	EEF1A1	4889	chr6:73519363:-	STRAP	21726	chr12:15903377:+	INCL_NON_REF_SPLICE	0.2	["INTERCHROMOSOMAL[chr6--chr12]"]	0.2	1.0	True
EEF1A1--MTIF3	2	EEF1A1	4786	chr6:73519466:-	MTIF3	17743	chr13:27435877:-	INCL_NON_REF_SPLICE	0.2	["INTERCHROMOSOMAL[chr6--chr13]"]	0.2	1.0	True
DNAJC9--EMD	2	DNAJC9	3891	chr10:73245972:-	EMD	15169	chrX:154381395:+	INCL_NON_REF_SPLICE	0.2	["INTERCHROMOSOMAL[chr10--chrX]"]	0.2	1.0	True
DNAJC24--IMMP1L	2	DNAJC24	2020	chr11:31370859:+	IMMP1L	34941	chr11:31433570:-	ONLY_REF_SPLICE	0.2	["Klijn_CellLines","DEEPEST2019","ChimerSeq","INTRACHROMOSOMAL[chr11:0.00Mb]","LOCAL_INVERSION:+:-:[552]"]	0.2	1.0	True
DDX3X--CARS	2	DDX3X	5118	chrX:41337465:+	CARS	39790	chr11:3012276:-	ONLY_REF_SPLICE	0.2	["INTERCHROMOSOMAL[chrX--chr11]"]	0.2	1.0	True
DDOST--RPL19	2	DDOST	3601	chr1:20655733:-	RPL19	14886	chr17:39204601:+	INCL_NON_REF_SPLICE	0.2	["INTERCHROMOSOMAL[chr1--chr17]"]	0.2	1.0	True
DANCR--LINC01578	2	DANCR	1556	chr4:52712959:+	LINC01578	10772	chr15:92885515:+	ONLY_REF_SPLICE	0.2	["INTERCHROMOSOMAL[chr4--chr15]"]	0.2	1.0	True
DANCR--HSPA9	2	DANCR	1556	chr4:52712959:+	HSPA9	18281	chr5:138558657:-	ONLY_REF_SPLICE	0.2	["INTERCHROMOSOMAL[chr4--chr5]"]	0.2	1.0	True
DANCR--EIF1AX	2	DANCR	1556	chr4:52712959:+	EIF1AX	12423	chrX:20132263:-	ONLY_REF_SPLICE	0.2	["INTERCHROMOSOMAL[chr4--chrX]"]	0.2	1.0	True
DANCR--ANAPC5	2	DANCR	1556	chr4:52712959:+	ANAPC5	31363	chr12:121310011:-	ONLY_REF_SPLICE	0.2	["INTERCHROMOSOMAL[chr4--chr12]"]	0.2	1.0	True
DAD1--RPL10	2	DAD1	2358	chr14:22575199:-	RPL10	11187	chrX:154399514:+	INCL_NON_REF_SPLICE	0.2	["INTERCHROMOSOMAL[chr14--chrX]"]	0.2	1.0	True
CNBP--RPN1	2	CNBP	1147	chr3:129183776:-	RPN1	21021	chr3:128622409:-	ONLY_REF_SPLICE	0.2	["INTRACHROMOSOMAL[chr3:0.49Mb]"]	0.2	1.0	True
CYCS--FAU	2	CYCS	2601	chr7:25123761:-	FAU	10951	chr11:65120794:-	INCL_NON_REF_SPLICE	0.2	["INTERCHROMOSOMAL[chr7--chr11]"]	0.2	1.0	True
CTD-2306M5.1--RPL23	2	CTD-2306M5.1	1106	chr5:25445820:-	RPL23	10266	chr17:38852732:-	ONLY_REF_SPLICE	0.2	["INTERCHROMOSOMAL[chr5--chr17]"]	0.2	1.0	True
CTD-2306M5.1--FAM192A	2	CTD-2306M5.1	1106	chr5:25445820:-	FAM192A	20028	chr16:57154467:-	INCL_NON_REF_SPLICE	0.2	["INTERCHROMOSOMAL[chr5--chr16]"]	0.2	1.0	True
CTC-340A15.2--CTC-535M15.2	2	CTC-340A15.2	25965	chr5:165007412:+	CTC-535M15.2	31520	chr5:165348898:+	INCL_NON_REF_SPLICE	0.2	["INTRACHROMOSOMAL[chr5:0.18Mb]"]	0.2	1.0	True
COX7C--ZGPAT	2	COX7C	2517	chr5:86619442:+	ZGPAT	12406	chr20:63735887:+	INCL_NON_REF_SPLICE	0.2	["INTERCHROMOSOMAL[chr5--chr20]"]	0.2	1.0	True
COX7C--ESPL1	2	COX7C	2474	chr5:86619399:+	ESPL1	28146	chr12:53293301:+	INCL_NON_REF_SPLICE	0.2	["INTERCHROMOSOMAL[chr5--chr12]"]	0.2	1.0	True
COX7C--ERAL1	2	COX7C	2571	chr5:86619496:+	ERAL1	12599	chr17:28860899:+	INCL_NON_REF_SPLICE	0.2	["INTERCHROMOSOMAL[chr5--chr17]"]	0.2	1.0	True
COX7B--MYL6	2	COX7B	4793	chrX:77905367:+	MYL6	11909	chr12:56160270:+	INCL_NON_REF_SPLICE	0.2	["INTERCHROMOSOMAL[chrX--chr12]"]	0.2	1.0	True
COX6C--MRPS18B	2	COX6C	7437	chr8:99878140:-	MRPS18B	18041	chr6:30626087:+	INCL_NON_REF_SPLICE	0.2	["INTERCHROMOSOMAL[chr8--chr6]"]	0.2	1.0	True
COX20--IPO5	2	COX20	5463	chr1:244842010:+	IPO5	45696	chr13:98022210:+	INCL_NON_REF_SPLICE	0.2	["INTERCHROMOSOMAL[chr1--chr13]"]	0.2	1.0	True
COPE--STC2	2	COPE	1175	chr19:18919223:-	STC2	21127	chr5:173317357:-	INCL_NON_REF_SPLICE	0.2	["INTERCHROMOSOMAL[chr19--chr5]"]	0.2	1.0	True
COMMD5--ST6GALNAC4	2	COMMD5	1898	chr8:144852839:-	ST6GALNAC4	11399	chr9:127914804:-	INCL_NON_REF_SPLICE	0.2	["INTERCHROMOSOMAL[chr8--chr9]"]	0.2	1.0	True
EIF1AX--POLR2I	2	EIF1AX	1225	chrX:20141620:-	POLR2I	15061	chr19:36114713:-	INCL_NON_REF_SPLICE	0.2	["INTERCHROMOSOMAL[chrX--chr19]"]	0.2	1.0	True
EIF3G--SDF2L1	2	EIF3G	4018	chr19:10116903:-	SDF2L1	10837	chr22:21644193:+	INCL_NON_REF_SPLICE	0.2	["INTERCHROMOSOMAL[chr19--chr22]"]	0.2	1.0	True
EMC7--IARS2	2	EMC7	1345	chr15:34101604:-	IARS2	32834	chr1:220147759:+	INCL_NON_REF_SPLICE	0.2	["INTERCHROMOSOMAL[chr15--chr1]"]	0.2	1.0	True
ERF--TARBP2	2	ERF	4426	chr19:42250331:-	TARBP2	13684	chr12:53504419:+	INCL_NON_REF_SPLICE	0.2	["INTERCHROMOSOMAL[chr19--chr12]"]	0.2	1.0	True
HIRIP3--PABPC1	2	HIRIP3	2046	chr16:29995391:-	PABPC1	19574	chr8:100704336:-	INCL_NON_REF_SPLICE	0.2	["INTERCHROMOSOMAL[chr16--chr8]"]	0.2	1.0	True
POLR2F--TAF6	2	POLR2F	5481	chr22:37959471:+	TAF6	32191	chr7:100107310:-	INCL_NON_REF_SPLICE	0.2	["INTERCHROMOSOMAL[chr22--chr7]"]	0.2	1.0	True
HDAC2--ALDOA	2	HDAC2	20380	chr6:113941078:-	ALDOA	42271	chr16:30070292:+	INCL_NON_REF_SPLICE	0.2	["INTERCHROMOSOMAL[chr6--chr16]"]	0.2	1.0	True
HCLS1--EEF2	2	HCLS1	13451	chr3:121634382:-	EEF2	28437	chr19:3976276:-	INCL_NON_REF_SPLICE	0.2	["INTERCHROMOSOMAL[chr3--chr19]"]	0.2	1.0	True
HARS--RPL39P3	2	HARS	8921	chr5:140677711:-	RPL39P3	16436	chr6:73373287:-	INCL_NON_REF_SPLICE	0.2	["INTERCHROMOSOMAL[chr5--chr6]"]	0.2	1.0	True
HACL1--CMC1	2	HACL1	1763	chr3:15601090:-	CMC1	34356	chr3:28319509:+	ONLY_REF_SPLICE	0.2	["INTRACHROMOSOMAL[chr3:12.64Mb]"]	0.2	1.0	True
H2AFZ--B2M	2	H2AFZ	3055	chr4:99948334:-	B2M	11185	chr15:44717844:+	INCL_NON_REF_SPLICE	0.2	["INTERCHROMOSOMAL[chr4--chr15]"]	0.2	1.0	True
GTSF1--RPL41	2	GTSF1	7662	chr12:54462642:-	RPL41	14942	chr7:137513991:+	INCL_NON_REF_SPLICE	0.2	["INTERCHROMOSOMAL[chr12--chr7]"]	0.2	1.0	True
GNB1L--COASY	2	GNB1L	2582	chr22:19821291:-	COASY	20950	chr17:42565924:+	INCL_NON_REF_SPLICE	0.2	["INTERCHROMOSOMAL[chr22--chr17]"]	0.2	1.0	True
GNAS--B2M	2	GNAS	27062	chr20:58911188:+	B2M	34948	chr15:44717844:+	INCL_NON_REF_SPLICE	0.2	["INTERCHROMOSOMAL[chr20--chr15]"]	0.2	1.0	True
GIGYF2--SRM	2	GIGYF2	3079	chr2:232700654:+	SRM	60616	chr1:11055084:-	ONLY_REF_SPLICE	0.2	["INTERCHROMOSOMAL[chr2--chr1]"]	0.2	1.0	True
GGCT--SNHG6	2	GGCT	3577	chr7:30498784:-	SNHG6	10703	chr8:66922725:-	INCL_NON_REF_SPLICE	0.2	["INTERCHROMOSOMAL[chr7--chr8]"]	0.2	1.0	True
GAPDH--SNRPC	2	GAPDH	4250	chr12:6537200:+	SNRPC	13931	chr6:34773584:+	INCL_NON_REF_SPLICE	0.2	["INTERCHROMOSOMAL[chr12--chr6]"]	0.2	1.0	True
GALM--SRSF7	2	GALM	12730	chr2:38741177:+	SRSF7	20538	chr2:38746747:-	INCL_NON_REF_SPLICE	0.2	["INTRACHROMOSOMAL[chr2:0.00Mb]","LOCAL_INVERSION:+:-:[2362]"]	0.2	1.0	True
GABARAP--FKBP11	2	GABARAP	2151	chr17:7241620:-	FKBP11	11135	chr12:48922097:-	INCL_NON_REF_SPLICE	0.2	["INTERCHROMOSOMAL[chr17--chr12]"]	0.2	1.0	True
FTL--RPS15A	2	FTL	1179	chr19:48965479:+	RPS15A	10878	chr16:18784817:-	INCL_NON_REF_SPLICE	0.2	["INTERCHROMOSOMAL[chr19--chr16]"]	0.2	1.0	True
FTL--NFYC	2	FTL	2058	chr19:48966358:+	NFYC	27534	chr1:40770763:+	INCL_NON_REF_SPLICE	0.2	["INTERCHROMOSOMAL[chr19--chr1]"]	0.2	1.0	True
FTL--COG7	2	FTL	1296	chr19:48965596:+	COG7	26872	chr16:23388650:-	INCL_NON_REF_SPLICE	0.2	["INTERCHROMOSOMAL[chr19--chr16]"]	0.2	1.0	True
FTH1--HINT1	2	FTH1	1330	chr11:61967331:-	HINT1	13539	chr5:131159599:-	INCL_NON_REF_SPLICE	0.2	["INTERCHROMOSOMAL[chr11--chr5]"]	0.2	1.0	True
FO538757.2--TCF25	2	FO538757.2	2427	chr1:195263:-	TCF25	33758	chr16:89910591:+	ONLY_REF_SPLICE	0.2	["INTERCHROMOSOMAL[chr1--chr16]"]	0.2	1.0	True
FKBP2--ATP5G2	2	FKBP2	2514	chr11:64242516:+	ATP5G2	12909	chr12:53669285:-	INCL_NON_REF_SPLICE	0.2	["INTERCHROMOSOMAL[chr11--chr12]"]	0.2	1.0	True
FGF13--LINC01420	2	FGF13	8178	chrX:138857512:-	LINC01420	39278	chrX:56817320:+	ONLY_REF_SPLICE	0.2	["INTRACHROMOSOMAL[chrX:81.80Mb]"]	0.2	1.0	True
FECH--SEC11C	2	FECH	3054	chr18:57580055:-	SEC11C	25426	chr18:59155688:+	ONLY_REF_SPLICE	0.2	["INTRACHROMOSOMAL[chr18:1.55Mb]"]	0.2	1.0	True
FAM46C--PHF14	2	FAM46C	1220	chr1:117606153:+	PHF14	35267	chr7:11111350:+	ONLY_REF_SPLICE	0.2	["INTERCHROMOSOMAL[chr1--chr7]"]	0.2	1.0	True
FABP5--RPL26	2	FABP5	3414	chr8:81283490:+	RPL26	10989	chr17:8379846:-	INCL_NON_REF_SPLICE	0.2	["INTERCHROMOSOMAL[chr8--chr17]"]	0.2	1.0	True
COMMD3--WBSCR22	2	COMMD3	3740	chr10:22318713:+	WBSCR22	18370	chr7:73698097:+	INCL_NON_REF_SPLICE	0.2	["INTERCHROMOSOMAL[chr10--chr7]"]	0.2	1.0	True
CNBP--NDUFA4	2	CNBP	2237	chr3:129171682:-	NDUFA4	7626	chr7:10940066:-	INCL_NON_REF_SPLICE	0.2	["INTERCHROMOSOMAL[chr3--chr7]"]	0.2	1.0	True
HIST1H2BB--SEC11C	2	HIST1H2BB	1100	chr6:26123805:-	SEC11C	14108	chr18:59157608:+	INCL_NON_REF_SPLICE	0.2	["INTERCHROMOSOMAL[chr6--chr18]"]	0.2	1.0	True
ARL15--NDUFS4	2	ARL15	1151	chr5:54310432:-	NDUFS4	19006	chr5:53646233:+	ONLY_REF_SPLICE	0.2	["DEEPEST2019","INTRACHROMOSOMAL[chr5:0.20Mb]"]	0.2	1.0	True
BANP--UBE2C	2	BANP	19899	chr16:88006200:+	UBE2C	40995	chr20:45816782:+	INCL_NON_REF_SPLICE	0.2	["INTERCHROMOSOMAL[chr16--chr20]"]	0.2	1.0	True
AZIN1--C6orf48	2	AZIN1	7539	chr8:102858009:-	C6orf48	27120	chr6:31837391:+	INCL_NON_REF_SPLICE	0.2	["INTERCHROMOSOMAL[chr8--chr6]"]	0.2	1.0	True
ATRX--EIF3E	2	ATRX	1288	chrX:77785982:-	EIF3E	75327	chr8:108203503:-	ONLY_REF_SPLICE	0.2	["INTERCHROMOSOMAL[chrX--chr8]"]	0.2	1.0	True
ATP5G2--RPL29	2	ATP5G2	6941	chr12:53669123:-	RPL29	14577	chr3:51993886:-	INCL_NON_REF_SPLICE	0.2	["INTERCHROMOSOMAL[chr12--chr3]"]	0.2	1.0	True
ATP5G2--MAD2L1BP	2	ATP5G2	8080	chr12:53665265:-	MAD2L1BP	17744	chr6:43640837:+	INCL_NON_REF_SPLICE	0.2	["INTERCHROMOSOMAL[chr12--chr6]"]	0.2	1.0	True
ATP5G1--NACA	2	ATP5G1	2685	chr17:48894449:+	NACA	20496	chr12:56712843:-	INCL_NON_REF_SPLICE	0.2	["INTERCHROMOSOMAL[chr17--chr12]"]	0.2	1.0	True
ATF4--SSR2	2	ATF4	2044	chr22:39520738:+	SSR2	16608	chr1:156009285:-	INCL_NON_REF_SPLICE	0.2	["INTERCHROMOSOMAL[chr22--chr1]"]	0.2	1.0	True
ATF4--CACYBP	2	ATF4	3989	chr22:39522683:+	CACYBP	13770	chr1:175009923:+	INCL_NON_REF_SPLICE	0.2	["INTERCHROMOSOMAL[chr22--chr1]"]	0.2	1.0	True
ATF2--OLA1	2	ATF2	6675	chr2:175130138:-	OLA1	37954	chr2:174075527:-	ONLY_REF_SPLICE	0.2	["INTRACHROMOSOMAL[chr2:0.82Mb]"]	0.2	1.0	True
ASS1--YME1L1	2	ASS1	18439	chr9:130501260:+	YME1L1	44985	chr10:27112000:-	INCL_NON_REF_SPLICE	0.2	["INTERCHROMOSOMAL[chr9--chr10]"]	0.2	1.0	True
ARMC8--FHIT	2	ARMC8	1352	chr3:138187599:+	FHIT	50125	chr3:59752321:-	ONLY_REF_SPLICE	0.2	["INTRACHROMOSOMAL[chr3:76.94Mb]"]	0.2	1.0	True
ARL3--RPS19	2	ARL3	3310	chr10:102699459:-	RPS19	18231	chr19:41869699:+	INCL_NON_REF_SPLICE	0.2	["INTERCHROMOSOMAL[chr10--chr19]"]	0.2	1.0	True
ARF6--DCXR	2	ARF6	1201	chr14:49893292:+	DCXR	8751	chr17:82036945:-	INCL_NON_REF_SPLICE	0.2	["INTERCHROMOSOMAL[chr14--chr17]"]	0.2	1.0	True
CMC1--PCNA	2	CMC1	3594	chr3:28263349:+	PCNA	27002	chr20:5115572:-	INCL_NON_REF_SPLICE	0.2	["INTERCHROMOSOMAL[chr3--chr20]"]	0.2	1.0	True
AP003900.6--RP11-159D12.2	2	AP003900.6	1122	chr21:10342616:-	RP11-159D12.2	12982	chr17:57989796:-	ONLY_REF_SPLICE	0.2	["INTERCHROMOSOMAL[chr21--chr17]"]	0.2	1.0	True
ANKRD13C--ZBTB8OS	2	ANKRD13C	2798	chr1:70336058:-	ZBTB8OS	25277	chr1:32631879:-	ONLY_REF_SPLICE	0.2	["INTRACHROMOSOMAL[chr1:37.61Mb]"]	0.2	1.0	True
ANAPC15--RPL4	2	ANAPC15	3237	chr11:72110544:-	RPL4	18296	chr15:66499508:-	INCL_NON_REF_SPLICE	0.2	["INTERCHROMOSOMAL[chr11--chr15]"]	0.2	1.0	True
ANAPC11--UCHL1	2	ANAPC11	3825	chr17:81893614:+	UCHL1	18799	chr4:41267987:+	ONLY_REF_SPLICE	0.2	["INTERCHROMOSOMAL[chr17--chr4]"]	0.2	1.0	True
ADK--ABHD17B	2	ADK	6970	chr10:74314745:+	ABHD17B	26988	chr9:71862607:-	ONLY_REF_SPLICE	0.2	["INTERCHROMOSOMAL[chr10--chr9]"]	0.2	1.0	True
ACTG1--NDUFS6	2	ACTG1	4768	chr17:81511407:-	NDUFS6	12586	chr5:1815896:+	INCL_NON_REF_SPLICE	0.2	["INTERCHROMOSOMAL[chr17--chr5]"]	0.2	1.0	True
ACTG1--ITM2B	2	ACTG1	6172	chr17:81510003:-	ITM2B	15824	chr13:48261244:+	INCL_NON_REF_SPLICE	0.2	["INTERCHROMOSOMAL[chr17--chr13]"]	0.2	1.0	True
ACTB--RPL7P9	2	ACTB	5696	chr7:5529321:-	RPL7P9	11295	chr1:96679192:-	INCL_NON_REF_SPLICE	0.2	["INTERCHROMOSOMAL[chr7--chr1]"]	0.2	1.0	True
ACOT2--CTD-2287O16.1	2	ACOT2	2819	chr14:73569438:+	CTD-2287O16.1	9610	chr5:116052215:-	INCL_NON_REF_SPLICE	0.2	["INTERCHROMOSOMAL[chr14--chr5]"]	0.2	1.0	True
AC007969.5--RPS3	2	AC007969.5	1346	chr2:171517371:-	RPS3	9085	chr11:75404123:+	INCL_NON_REF_SPLICE	0.2	["INTERCHROMOSOMAL[chr2--chr11]"]	0.2	1.0	True
ABI2--RPS19	2	ABI2	1264	chr2:203328482:+	RPS19	45594	chr19:41860789:+	INCL_NON_REF_SPLICE	0.2	["INTERCHROMOSOMAL[chr2--chr19]"]	0.2	1.0	True
AAMP--RPS3	2	AAMP	1258	chr2:218270000:-	RPS3	11552	chr11:75401670:+	INCL_NON_REF_SPLICE	0.2	["INTERCHROMOSOMAL[chr2--chr11]"]	0.2	1.0	True
BECN1--PNO1	2	BECN1	4364	chr17:42824193:-	PNO1	24578	chr2:68175472:+	INCL_NON_REF_SPLICE	0.2	["INTERCHROMOSOMAL[chr17--chr2]"]	0.2	1.0	True
BRMS1--MCM5	2	BRMS1	2631	chr11:66342147:-	MCM5	28814	chr22:35424230:+	INCL_NON_REF_SPLICE	0.2	["INTERCHROMOSOMAL[chr11--chr22]"]	0.2	1.0	True
BST2--HSP90B1	2	BST2	2262	chr19:17404387:-	HSP90B1	18919	chr12:103947311:+	INCL_NON_REF_SPLICE	0.2	["INTERCHROMOSOMAL[chr19--chr12]"]	0.2	1.0	True
C11orf54--NUSAP1	2	C11orf54	5857	chr11:93750419:+	NUSAP1	32805	chr15:41380892:+	INCL_NON_REF_SPLICE	0.2	["INTERCHROMOSOMAL[chr11--chr15]"]	0.2	1.0	True
CKS2--RP11-466H18.1	2	CKS2	1154	chr9:89311351:+	RP11-466H18.1	6698	chr11:16974929:-	INCL_NON_REF_SPLICE	0.2	["INTERCHROMOSOMAL[chr9--chr11]"]	0.2	1.0	True
CHMP3--MIR4435-1HG	2	CHMP3	2340	chr2:86563304:-	MIR4435-1HG	29295	chr2:111429620:-	ONLY_REF_SPLICE	0.2	["INTRACHROMOSOMAL[chr2:24.58Mb]"]	0.2	1.0	True
CHMP2A--GPAA1	2	CHMP2A	3557	chr19:58552259:-	GPAA1	10757	chr8:144086096:+	INCL_NON_REF_SPLICE	0.2	["INTERCHROMOSOMAL[chr19--chr8]"]	0.2	1.0	True
CHEK2--CCT2	2	CHEK2	10510	chr22:28724977:-	CCT2	37595	chr12:69599863:+	ONLY_REF_SPLICE	0.2	["INTERCHROMOSOMAL[chr22--chr12]"]	0.2	1.0	True
CHCHD2--MFNG	2	CHCHD2	1229	chr7:56106348:-	MFNG	16260	chr22:37472528:-	INCL_NON_REF_SPLICE	0.2	["INTERCHROMOSOMAL[chr7--chr22]"]	0.2	1.0	True
CHAF1A--RPS28P7	2	CHAF1A	6220	chr19:4422642:+	RPS28P7	19990	chr11:82689597:+	INCL_NON_REF_SPLICE	0.2	["INTERCHROMOSOMAL[chr19--chr11]"]	0.2	1.0	True
CENPW--TRIP6	2	CENPW	1260	chr6:126340433:+	TRIP6	12410	chr7:100873255:+	INCL_NON_REF_SPLICE	0.2	["INTERCHROMOSOMAL[chr6--chr7]"]	0.2	1.0	True
CD58--THAP4	2	CD58	1137	chr1:116570903:-	THAP4	15546	chr2:241606473:-	ONLY_REF_SPLICE	0.2	["INTERCHROMOSOMAL[chr1--chr2]"]	0.2	1.0	True
CD38--NUP155	2	CD38	1373	chr4:15778647:+	NUP155	50019	chr5:37294465:-	ONLY_REF_SPLICE	0.2	["INTERCHROMOSOMAL[chr4--chr5]"]	0.2	1.0	True
CCDC84--PLAA	2	CCDC84	1968	chr11:118999109:+	PLAA	26671	chr9:26907998:-	ONLY_REF_SPLICE	0.2	["INTERCHROMOSOMAL[chr11--chr9]"]	0.2	1.0	True
CBX1--RPL13AP5	2	CBX1	1249	chr17:48101273:-	RPL13AP5	12987	chr10:96750372:+	INCL_NON_REF_SPLICE	0.2	["INTERCHROMOSOMAL[chr17--chr10]"]	0.2	1.0	True
CBWD5--HSD17B10	2	CBWD5	4785	chr9:65679252:+	HSD17B10	35808	chrX:53431394:-	INCL_NON_REF_SPLICE	0.2	["INTERCHROMOSOMAL[chr9--chrX]"]	0.2	1.0	True
CALR--PINK1-AS	2	CALR	1658	chr19:12939235:+	PINK1-AS	8473	chr1:20652308:-	INCL_NON_REF_SPLICE	0.2	["INTERCHROMOSOMAL[chr19--chr1]"]	0.2	1.0	True
CALR--ATP5E	2	CALR	2036	chr19:12939613:+	ATP5E	9751	chr20:59030429:-	INCL_NON_REF_SPLICE	0.2	["INTERCHROMOSOMAL[chr19--chr20]"]	0.2	1.0	True
CALM3--RPS15	2	CALM3	1364	chr19:46601437:+	RPS15	13565	chr19:1440374:+	INCL_NON_REF_SPLICE	0.2	["INTRACHROMOSOMAL[chr19:45.16Mb]"]	0.2	1.0	True
C21orf59--LAPTM4A	2	C21orf59	6306	chr21:32603206:-	LAPTM4A	18491	chr2:20032940:-	INCL_NON_REF_SPLICE	0.2	["INTERCHROMOSOMAL[chr21--chr2]"]	0.2	1.0	True
C1orf35--ATP5I	2	C1orf35	3215	chr1:228103197:-	ATP5I	9624	chr4:673401:-	INCL_NON_REF_SPLICE	0.2	["INTERCHROMOSOMAL[chr1--chr4]"]	0.2	1.0	True
C19orf53--GLTSCR2	2	C19orf53	3613	chr19:13778218:+	GLTSCR2	15724	chr19:47756534:+	INCL_NON_REF_SPLICE	0.2	["INTRACHROMOSOMAL[chr19:33.97Mb]"]	0.2	1.0	True
C19orf53--COX20	2	C19orf53	1407	chr19:13774574:+	COX20	12445	chr1:244843135:+	INCL_NON_REF_SPLICE	0.2	["INTERCHROMOSOMAL[chr19--chr1]"]	0.2	1.0	True
C19orf53--CBWD7	2	C19orf53	1540	chr19:13774707:+	CBWD7	9656	chr9:41189222:-	INCL_NON_REF_SPLICE	0.2	["INTERCHROMOSOMAL[chr19--chr9]"]	0.2	1.0	True
C18orf32--RPS19	2	C18orf32	2773	chr18:49490793:-	RPS19	21763	chr19:41869699:+	ONLY_REF_SPLICE	0.2	["INTERCHROMOSOMAL[chr18--chr19]"]	0.2	1.0	True
C16orf62--NCL	2	C16orf62	2611	chr16:19564954:+	NCL	56666	chr2:231455237:-	INCL_NON_REF_SPLICE	0.2	["INTERCHROMOSOMAL[chr16--chr2]"]	0.2	1.0	True
C14orf2--PPP1R7	2	C14orf2	7440	chr14:103912651:-	PPP1R7	20995	chr2:241166370:+	INCL_NON_REF_SPLICE	0.2	["INTERCHROMOSOMAL[chr14--chr2]"]	0.2	1.0	True
C14orf2--PABPC1	2	C14orf2	7783	chr14:103912308:-	PABPC1	23260	chr8:100703337:-	INCL_NON_REF_SPLICE	0.2	["INTERCHROMOSOMAL[chr14--chr8]"]	0.2	1.0	True
C12orf73--TOMM20	2	C12orf73	7084	chr12:103951483:-	TOMM20	16681	chr1:235111973:-	INCL_NON_REF_SPLICE	0.2	["INTERCHROMOSOMAL[chr12--chr1]"]	0.2	1.0	True
HIST1H2AL--UBL5	2	HIST1H2AL	1106	chr6:27865460:+	UBL5	4457	chr19:9827955:+	INCL_NON_REF_SPLICE	0.2	["INTERCHROMOSOMAL[chr6--chr19]"]	0.2	1.0	True
HINT1--SEC61B	2	HINT1	6381	chr5:131159582:-	SEC61B	13229	chr9:99230410:+	INCL_NON_REF_SPLICE	0.2	["INTERCHROMOSOMAL[chr5--chr9]"]	0.2	1.0	True
HIST1H4E--RPL38	2	HIST1H4E	1160	chr6:26204804:+	RPL38	4861	chr17:74204130:+	INCL_NON_REF_SPLICE	0.2	["INTERCHROMOSOMAL[chr6--chr17]"]	0.2	1.0	True
NDUFA3--C19orf43	2	NDUFA3	3785	chr19:54106920:+	C19orf43	11018	chr19:12731421:-	INCL_NON_REF_SPLICE	0.2	["INTRACHROMOSOMAL[chr19:41.37Mb]"]	0.2	1.0	True
NPM3--SNHG6	2	NPM3	1530	chr10:101782884:-	SNHG6	6968	chr8:66925520:-	INCL_NON_REF_SPLICE	0.2	["INTERCHROMOSOMAL[chr10--chr8]"]	0.2	1.0	True
NKTR--CMC2	2	NKTR	1451	chr3:42601064:+	CMC2	41336	chr16:80981877:-	ONLY_REF_SPLICE	0.2	["INTERCHROMOSOMAL[chr3--chr16]"]	0.2	1.0	True
NHP2--RPL10A	2	NHP2	1290	chr5:178153678:-	RPL10A	9544	chr6:35470671:+	INCL_NON_REF_SPLICE	0.2	["INTERCHROMOSOMAL[chr5--chr6]"]	0.2	1.0	True
NEAT1--TCIRG1	2	NEAT1	1412	chr11:65423185:+	TCIRG1	36353	chr11:68049740:+	INCL_NON_REF_SPLICE	0.2	["INTRACHROMOSOMAL[chr11:2.59Mb]"]	0.2	1.0	True
NEAT1--RP11-802E16.3	2	NEAT1	1412	chr11:65423185:+	RP11-802E16.3	25768	chr11:68049740:+	INCL_NON_REF_SPLICE	0.2	["INTRACHROMOSOMAL[chr11:2.61Mb]"]	0.2	1.0	True
NDUFV2--MRPS22	2	NDUFV2	8424	chr18:9124996:+	MRPS22	30133	chr3:139355753:+	INCL_NON_REF_SPLICE	0.2	["INTERCHROMOSOMAL[chr18--chr3]"]	0.2	1.0	True
NDUFS5--SNRPF	2	NDUFS5	2303	chr1:39028940:+	SNRPF	10322	chr12:95866029:+	INCL_NON_REF_SPLICE	0.2	["INTERCHROMOSOMAL[chr1--chr12]"]	0.2	1.0	True
NDUFB9--PPIB	2	NDUFB9	1185	chr8:124539287:+	PPIB	16203	chr15:64156889:-	INCL_NON_REF_SPLICE	0.2	["INTERCHROMOSOMAL[chr8--chr15]"]	0.2	1.0	True
NDUFB8--RAF1	2	NDUFB8	1226	chr10:100529775:-	RAF1	27183	chr3:12584134:-	INCL_NON_REF_SPLICE	0.2	["INTERCHROMOSOMAL[chr10--chr3]"]	0.2	1.0	True
NDUFAF4--RUVBL1	2	NDUFAF4	2138	chr6:96896744:-	RUVBL1	24644	chr3:128081146:-	INCL_NON_REF_SPLICE	0.2	["INTERCHROMOSOMAL[chr6--chr3]"]	0.2	1.0	True
NDUFA6--CUTA	2	NDUFA6	2626	chr22:42087060:-	CUTA	8351	chr6:33417128:-	INCL_NON_REF_SPLICE	0.2	["INTERCHROMOSOMAL[chr22--chr6]"]	0.2	1.0	True
NDUFA3--RP11-572P18.1	2	NDUFA3	3815	chr19:54106950:+	RP11-572P18.1	9111	chr10:120355195:-	INCL_NON_REF_SPLICE	0.2	["INTERCHROMOSOMAL[chr19--chr10]"]	0.2	1.0	True
NDUFA12--RPSA	2	NDUFA12	6777	chr12:94971473:-	RPSA	19686	chr3:39411953:+	INCL_NON_REF_SPLICE	0.2	["INTERCHROMOSOMAL[chr12--chr3]"]	0.2	1.0	True
MIR99AHG--SEC11C	2	MIR99AHG	5289	chr21:16231115:+	SEC11C	30083	chr18:59152536:+	ONLY_REF_SPLICE	0.2	["INTERCHROMOSOMAL[chr21--chr18]"]	0.2	1.0	True
NDUFA11--UBE2N	2	NDUFA11	6988	chr19:5894682:-	UBE2N	17838	chr12:93409712:-	INCL_NON_REF_SPLICE	0.2	["INTERCHROMOSOMAL[chr19--chr12]"]	0.2	1.0	True
NDUFA11--MIF	2	NDUFA11	5135	chr19:5896535:-	MIF	13461	chr22:23894454:+	INCL_NON_REF_SPLICE	0.2	["INTERCHROMOSOMAL[chr19--chr22]"]	0.2	1.0	True
NAP1L4--RPL10	2	NAP1L4	25100	chr11:2944430:-	RPL10	32771	chrX:154400807:+	INCL_NON_REF_SPLICE	0.2	["INTERCHROMOSOMAL[chr11--chrX]"]	0.2	1.0	True
NAA16--AC004057.1	2	NAA16	3568	chr13:41318910:+	AC004057.1	28365	chr4:113214195:-	INCL_NON_REF_SPLICE	0.2	["INTERCHROMOSOMAL[chr13--chr4]"]	0.2	1.0	True
MZB1--UBE2D2	2	MZB1	1402	chr5:139389680:-	UBE2D2	10837	chr5:139600372:+	ONLY_REF_SPLICE	0.2	["INTRACHROMOSOMAL[chr5:0.14Mb]"]	0.2	1.0	True
MZB1--SCG5	2	MZB1	1402	chr5:139389680:-	SCG5	15214	chr15:32696514:+	ONLY_REF_SPLICE	0.2	["INTERCHROMOSOMAL[chr5--chr15]"]	0.2	1.0	True
MTHFS--RAC1	2	MTHFS	4100	chr15:79845195:-	RAC1	18996	chr7:6402484:+	INCL_NON_REF_SPLICE	0.2	["INTERCHROMOSOMAL[chr15--chr7]"]	0.2	1.0	True
MTERF4--CLCC1	2	MTERF4	5081	chr2:241097243:-	CLCC1	32868	chr1:108932501:-	ONLY_REF_SPLICE	0.2	["INTERCHROMOSOMAL[chr2--chr1]"]	0.2	1.0	True
MRPS11--RP11-227D13.4	2	MRPS11	1572	chr15:88468024:+	RP11-227D13.4	14101	chr15:48729186:-	ONLY_REF_SPLICE	0.2	["INTRACHROMOSOMAL[chr15:39.74Mb]"]	0.2	1.0	True
MRPL33--CLIC4	2	MRPL33	3206	chr2:27774490:+	CLIC4	18740	chr1:24840836:+	INCL_NON_REF_SPLICE	0.2	["INTERCHROMOSOMAL[chr2--chr1]"]	0.2	1.0	True
HIST1H4K--ATP5L	2	HIST1H4K	1341	chr6:27831187:-	ATP5L	8289	chr11:118406996:+	INCL_NON_REF_SPLICE	0.2	["INTERCHROMOSOMAL[chr6--chr11]"]	0.2	1.0	True
MPC1--MYBPC2	2	MPC1	1208	chr6:166382806:-	MYBPC2	29704	chr19:50464346:+	ONLY_REF_SPLICE	0.2	["INTERCHROMOSOMAL[chr6--chr19]"]	0.2	1.0	True
NQO1--COX7B	2	NQO1	2931	chr16:69718123:-	COX7B	16012	chrX:77905216:+	INCL_NON_REF_SPLICE	0.2	["INTERCHROMOSOMAL[chr16--chrX]"]	0.2	1.0	True
NSFP1--CDC37	2	NSFP1	3198	chr17:46409133:+	CDC37	24897	chr19:10391285:-	INCL_NON_REF_SPLICE	0.2	["INTERCHROMOSOMAL[chr17--chr19]"]	0.2	1.0	True
NTMT1--UQCRH	2	NTMT1	7582	chr9:129634240:+	UQCRH	14844	chr1:46310281:+	INCL_NON_REF_SPLICE	0.2	["INTERCHROMOSOMAL[chr9--chr1]"]	0.2	1.0	True
OAZ1--RAB10	2	OAZ1	1198	chr19:2269706:+	RAB10	13844	chr2:26135030:+	INCL_NON_REF_SPLICE	0.2	["INTERCHROMOSOMAL[chr19--chr2]"]	0.2	1.0	True
POLD2--DCTN1	2	POLD2	3525	chr7:44121834:-	DCTN1	29147	chr2:74366594:-	INCL_NON_REF_SPLICE	0.2	["INTERCHROMOSOMAL[chr7--chr2]"]	0.2	1.0	True
PMVK--PAK4	2	PMVK	4714	chr1:154926388:-	PAK4	21688	chr19:39179037:+	INCL_NON_REF_SPLICE	0.2	["INTERCHROMOSOMAL[chr1--chr19]"]	0.2	1.0	True
PLEKHJ1--CNDP2	2	PLEKHJ1	2771	chr19:2235934:-	CNDP2	29600	chr18:74520809:+	INCL_NON_REF_SPLICE	0.2	["INTERCHROMOSOMAL[chr19--chr18]"]	0.2	1.0	True
PLEKHB2--MIEN1	2	PLEKHB2	10374	chr2:131132940:+	MIEN1	22689	chr17:39729605:-	INCL_NON_REF_SPLICE	0.2	["INTERCHROMOSOMAL[chr2--chr17]"]	0.2	1.0	True
PLD3--PHB	2	PLD3	3598	chr19:40365783:+	PHB	25111	chr17:49405018:-	INCL_NON_REF_SPLICE	0.2	["INTERCHROMOSOMAL[chr19--chr17]"]	0.2	1.0	True
PKM--PAGE5	2	PKM	9928	chr15:72210398:-	PAGE5	25609	chrX:55222704:+	INCL_NON_REF_SPLICE	0.2	["INTERCHROMOSOMAL[chr15--chrX]"]	0.2	1.0	True
PKM--CHMP2A	2	PKM	10558	chr15:72209768:-	CHMP2A	26370	chr19:58551705:-	INCL_NON_REF_SPLICE	0.2	["INTERCHROMOSOMAL[chr15--chr19]"]	0.2	1.0	True
PIN4--NOMO3	2	PIN4	3971	chrX:72196881:+	NOMO3	48662	chr16:16294660:+	INCL_NON_REF_SPLICE	0.2	["INTERCHROMOSOMAL[chrX--chr16]"]	0.2	1.0	True
PIM2--FKBP2	2	PIM2	1175	chrX:48918850:-	FKBP2	11266	chr11:64243470:+	INCL_NON_REF_SPLICE	0.2	["INTERCHROMOSOMAL[chrX--chr11]"]	0.2	1.0	True
PIF1--RPS9	2	PIF1	4189	chr15:64822266:-	RPS9	15911	chr19:54206276:+	ONLY_REF_SPLICE	0.2	["INTERCHROMOSOMAL[chr15--chr19]"]	0.2	1.0	True
PGD--SF3A3	2	PGD	2113	chr1:10399704:+	SF3A3	30148	chr1:37960175:-	ONLY_REF_SPLICE	0.2	["INTRACHROMOSOMAL[chr1:27.54Mb]"]	0.2	1.0	True
PFDN5--UHRF2	2	PFDN5	5143	chr12:53299433:+	UHRF2	32859	chr9:6506785:+	INCL_NON_REF_SPLICE	0.2	["INTERCHROMOSOMAL[chr12--chr9]"]	0.2	1.0	True
PFDN5--C22orf39	2	PFDN5	1349	chr12:53295639:+	C22orf39	12712	chr22:19441694:-	ONLY_REF_SPLICE	0.2	["INTERCHROMOSOMAL[chr12--chr22]"]	0.2	1.0	True
PDK2--TRIM47	2	PDK2	1817	chr17:50095553:+	TRIM47	19886	chr17:75874443:-	INCL_NON_REF_SPLICE	0.2	["INTRACHROMOSOMAL[chr17:25.76Mb]"]	0.2	1.0	True
PDIA6--RPS16	2	PDIA6	12012	chr2:10797081:-	RPS16	26527	chr19:39433569:-	ONLY_REF_SPLICE	0.2	["INTERCHROMOSOMAL[chr2--chr19]"]	0.2	1.0	True
PDIA6--MYBL2	2	PDIA6	13119	chr2:10793096:-	MYBL2	34870	chr20:43709977:+	INCL_NON_REF_SPLICE	0.2	["INTERCHROMOSOMAL[chr2--chr20]"]	0.2	1.0	True
PDAP1--RPS29	2	PDAP1	4639	chr7:99400385:-	RPS29	16192	chr14:49586318:-	INCL_NON_REF_SPLICE	0.2	["INTERCHROMOSOMAL[chr7--chr14]"]	0.2	1.0	True
PCGF1--PLSCR1	2	PCGF1	4033	chr2:74505548:-	PLSCR1	21274	chr3:146515328:-	INCL_NON_REF_SPLICE	0.2	["INTERCHROMOSOMAL[chr2--chr3]"]	0.2	1.0	True
PCBD2--POLR2J3	2	PCBD2	3573	chr5:134910416:+	POLR2J3	23892	chr7:102567401:-	INCL_NON_REF_SPLICE	0.2	["INTERCHROMOSOMAL[chr5--chr7]"]	0.2	1.0	True
PAGE5--SLC1A5	2	PAGE5	4457	chrX:55224051:+	SLC1A5	16122	chr19:46775137:-	INCL_NON_REF_SPLICE	0.2	["INTERCHROMOSOMAL[chrX--chr19]"]	0.2	1.0	True
PABPC1--APRT	2	PABPC1	1944	chr8:100721866:-	APRT	20503	chr16:88809799:-	INCL_NON_REF_SPLICE	0.2	["INTERCHROMOSOMAL[chr8--chr16]"]	0.2	1.0	True
PABPC1--APRT	2	PABPC1	1931	chr8:100721879:-	APRT	20490	chr16:88809812:-	INCL_NON_REF_SPLICE	0.2	["INTERCHROMOSOMAL[chr8--chr16]"]	0.2	1.0	True
PA2G4--RFC4	2	PA2G4	3304	chr12:56106685:+	RFC4	22369	chr3:186790295:-	INCL_NON_REF_SPLICE	0.2	["INTERCHROMOSOMAL[chr12--chr3]"]	0.2	1.0	True
ORMDL3--C19orf24	2	ORMDL3	4572	chr17:39924030:-	C19orf24	13992	chr19:1278868:+	INCL_NON_REF_SPLICE	0.2	["INTERCHROMOSOMAL[chr17--chr19]"]	0.2	1.0	True
OLA1--CD81	2	OLA1	4097	chr2:174229339:-	CD81	34610	chr11:2396868:+	INCL_NON_REF_SPLICE	0.2	["INTERCHROMOSOMAL[chr2--chr11]"]	0.2	1.0	True
MORF4L2--CDC6	2	MORF4L2	3737	chrX:103685127:-	CDC6	21333	chr17:40302634:+	INCL_NON_REF_SPLICE	0.2	["INTERCHROMOSOMAL[chrX--chr17]"]	0.2	1.0	True
MRPL30--MITD1	2	MRPL30	5242	chr2:99194897:+	MITD1	17776	chr2:99169610:-	ONLY_REF_SPLICE	0.2	["INTRACHROMOSOMAL[chr2:0.00Mb]","LOCAL_INVERSION:+:-:[21]"]	0.2	1.0	True
MIR4435-1HG--UBE2T	2	MIR4435-1HG	1185	chr2:111494916:-	UBE2T	35444	chr1:202331923:-	INCL_NON_REF_SPLICE	0.2	["INTERCHROMOSOMAL[chr2--chr1]"]	0.2	1.0	True
KRTCAP2--RP11-466H18.1	2	KRTCAP2	1877	chr1:155172599:-	RP11-466H18.1	8153	chr11:16974929:-	INCL_NON_REF_SPLICE	0.2	["INTERCHROMOSOMAL[chr1--chr11]"]	0.2	1.0	True
KLHDC4--MARS	2	KLHDC4	1201	chr16:87765792:-	MARS	39163	chr12:57498174:+	INCL_NON_REF_SPLICE	0.2	["INTERCHROMOSOMAL[chr16--chr12]"]	0.2	1.0	True
MIF--MRPL3	2	MIF	1941	chr22:23894944:+	MRPL3	17139	chr3:131462875:-	ONLY_REF_SPLICE	0.2	["INTERCHROMOSOMAL[chr22--chr3]"]	0.2	1.0	True
JKAMP--TRAV36DV7	2	JKAMP	4487	chr14:59487929:+	TRAV36DV7	14021	chr14:22226967:+	INCL_NON_REF_SPLICE	0.2	["INTRACHROMOSOMAL[chr14:37.26Mb]"]	0.2	1.0	True
JAGN1--RPS4X	2	JAGN1	1243	chr3:9890796:+	RPS4X	10162	chrX:72273938:-	INCL_NON_REF_SPLICE	0.2	["INTERCHROMOSOMAL[chr3--chrX]"]	0.2	1.0	True
IREB2--PDIA3	2	IREB2	4617	chr15:78463087:+	PDIA3	44097	chr15:43771105:+	ONLY_REF_SPLICE	0.2	["INTRACHROMOSOMAL[chr15:34.66Mb]"]	0.2	1.0	True
INO80C--MPV17	2	INO80C	6021	chr18:35480506:-	MPV17	26580	chr2:27309981:-	INCL_NON_REF_SPLICE	0.2	["INTERCHROMOSOMAL[chr18--chr2]"]	0.2	1.0	True
IFI35--HGS	2	IFI35	3837	chr17:43013653:+	HGS	24083	chr17:81701999:+	INCL_NON_REF_SPLICE	0.2	["INTRACHROMOSOMAL[chr17:38.67Mb]"]	0.2	1.0	True
HZGJ--MARS	2	HZGJ	11408	chr2:68141738:-	MARS	35251	chr12:57516547:+	INCL_NON_REF_SPLICE	0.2	["INTERCHROMOSOMAL[chr2--chr12]"]	0.2	1.0	True
HYPK--PCGF2	2	HYPK	6432	chr15:43801573:+	PCGF2	19151	chr17:38735112:-	INCL_NON_REF_SPLICE	0.2	["INTERCHROMOSOMAL[chr15--chr17]"]	0.2	1.0	True
HYPK--LY96	2	HYPK	6413	chr15:43801554:+	LY96	13283	chr8:74010088:+	INCL_NON_REF_SPLICE	0.2	["INTERCHROMOSOMAL[chr15--chr8]"]	0.2	1.0	True
HYPK--EEF1A1	2	HYPK	6407	chr15:43801548:+	EEF1A1	16493	chr6:73517661:-	INCL_NON_REF_SPLICE	0.2	["INTERCHROMOSOMAL[chr15--chr6]"]	0.2	1.0	True
HSPE1--RPS9	2	HSPE1	2206	chr2:197501199:+	RPS9	9245	chr19:54206276:+	INCL_NON_REF_SPLICE	0.2	["INTERCHROMOSOMAL[chr2--chr19]"]	0.2	1.0	True
HSP90AA1--HNRNPC	2	HSP90AA1	4607	chr14:102086246:-	HNRNPC	27399	chr14:21211042:-	INCL_NON_REF_SPLICE	0.2	["INTRACHROMOSOMAL[chr14:80.81Mb]"]	0.2	1.0	True
HSCB--DENR	2	HSCB	7033	chr22:28757237:+	DENR	18074	chr12:122769759:+	INCL_NON_REF_SPLICE	0.2	["INTERCHROMOSOMAL[chr22--chr12]"]	0.2	1.0	True
HNRNPL--RPL18AP3	2	HNRNPL	3337	chr19:38849871:-	RPL18AP3	18371	chr12:104265346:+	INCL_NON_REF_SPLICE	0.2	["INTERCHROMOSOMAL[chr19--chr12]"]	0.2	1.0	True
HNRNPK--HSPB1	2	HNRNPK	6400	chr9:83974517:-	HSPB1	16197	chr7:76302906:+	INCL_NON_REF_SPLICE	0.2	["INTERCHROMOSOMAL[chr9--chr7]"]	0.2	1.0	True
HNRNPH1--RAD23A	2	HNRNPH1	8190	chr5:179619373:-	RAD23A	21161	chr19:12953244:+	INCL_NON_REF_SPLICE	0.2	["INTERCHROMOSOMAL[chr5--chr19]"]	0.2	1.0	True
HNRNPA2B1--SF3A2	2	HNRNPA2B1	6683	chr7:26195847:-	SF3A2	22111	chr19:2248515:+	INCL_NON_REF_SPLICE	0.2	["INTERCHROMOSOMAL[chr7--chr19]"]	0.2	1.0	True
HNRNPA2B1--RNF126	2	HNRNPA2B1	1932	chr7:26200598:-	RNF126	22106	chr19:647643:-	INCL_NON_REF_SPLICE	0.2	["INTERCHROMOSOMAL[chr7--chr19]"]	0.2	1.0	True
HNRNPA2B1--CCNK	2	HNRNPA2B1	5215	chr7:26197315:-	CCNK	26424	chr14:99510913:+	INCL_NON_REF_SPLICE	0.2	["INTERCHROMOSOMAL[chr7--chr14]"]	0.2	1.0	True
HNRNPA1P7--GSK3A	2	HNRNPA1P7	1519	chr18:32412658:-	GSK3A	14113	chr19:42230347:-	INCL_NON_REF_SPLICE	0.2	["INTERCHROMOSOMAL[chr18--chr19]"]	0.2	1.0	True
HMGN3--MRPL44	2	HMGN3	3274	chr6:79208547:-	MRPL44	13367	chr2:223966863:+	ONLY_REF_SPLICE	0.2	["INTERCHROMOSOMAL[chr6--chr2]"]	0.2	1.0	True
HMGB1--SLC44A1	2	HMGB1	7536	chr13:30461357:-	SLC44A1	33692	chr9:105385422:+	INCL_NON_REF_SPLICE	0.2	["INTERCHROMOSOMAL[chr13--chr9]"]	0.2	1.0	True
HIST3H2A--HSPB1	2	HIST3H2A	1125	chr1:228457749:-	HSPB1	6347	chr7:76303995:+	INCL_NON_REF_SPLICE	0.2	["INTERCHROMOSOMAL[chr1--chr7]"]	0.2	1.0	True
HIST3H2A--BOLA2B	2	HIST3H2A	1137	chr1:228457737:-	BOLA2B	5594	chr16:30193608:-	INCL_NON_REF_SPLICE	0.2	["INTERCHROMOSOMAL[chr1--chr16]"]	0.2	1.0	True
KRTCAP2--GAPDH	2	KRTCAP2	5018	chr1:155169458:-	GAPDH	12324	chr12:6538206:+	INCL_NON_REF_SPLICE	0.2	["INTERCHROMOSOMAL[chr1--chr12]"]	0.2	1.0	True
KDELR2--RPS3	2	KDELR2	1239	chr7:6484004:-	RPS3	15253	chr11:75400748:+	INCL_NON_REF_SPLICE	0.2	["INTERCHROMOSOMAL[chr7--chr11]"]	0.2	1.0	True
LAMP1--RPS19	2	LAMP1	1100	chr13:113297340:+	RPS19	19111	chr19:41869064:+	INCL_NON_REF_SPLICE	0.2	["INTERCHROMOSOMAL[chr13--chr19]"]	0.2	1.0	True
LSM4--RPS2P46	2	LSM4	5482	chr19:18309760:-	RPS2P46	11993	chr17:19446137:-	INCL_NON_REF_SPLICE	0.2	["INTERCHROMOSOMAL[chr19--chr17]"]	0.2	1.0	True
MED8--COX6B1	2	MED8	3659	chr1:43386881:-	COX6B1	13588	chr19:35658654:+	INCL_NON_REF_SPLICE	0.2	["INTERCHROMOSOMAL[chr1--chr19]"]	0.2	1.0	True
MCM4--APH1A	2	MCM4	1998	chr8:47961182:+	APH1A	24033	chr1:150265592:-	INCL_NON_REF_SPLICE	0.2	["INTERCHROMOSOMAL[chr8--chr1]"]	0.2	1.0	True
MBD2--RPL13	2	MBD2	1375	chr18:54224414:-	RPL13	18586	chr16:89561266:+	INCL_NON_REF_SPLICE	0.2	["INTERCHROMOSOMAL[chr18--chr16]"]	0.2	1.0	True
MARS--PSMD3	2	MARS	4296	chr12:57488184:+	PSMD3	31072	chr17:39997656:+	INCL_NON_REF_SPLICE	0.2	["INTERCHROMOSOMAL[chr12--chr17]"]	0.2	1.0	True
MAD1L1--ACTG1	2	MAD1L1	4342	chr7:2225410:-	ACTG1	48056	chr17:81510151:-	INCL_NON_REF_SPLICE	0.2	["INTERCHROMOSOMAL[chr7--chr17]"]	0.2	1.0	True
LYRM7--SNRPN	2	LYRM7	2302	chr5:131180167:+	SNRPN	29554	chr15:24978407:+	ONLY_REF_SPLICE	0.2	["INTERCHROMOSOMAL[chr5--chr15]"]	0.2	1.0	True
LYRM4--MED7	2	LYRM4	4789	chr6:5216618:-	MED7	26364	chr5:157139448:-	ONLY_REF_SPLICE	0.2	["INTERCHROMOSOMAL[chr6--chr5]"]	0.2	1.0	True
LYPLAL1--SNHG12	2	LYPLAL1	3277	chr1:219179246:+	SNHG12	16007	chr1:28579587:-	ONLY_REF_SPLICE	0.2	["INTRACHROMOSOMAL[chr1:190.59Mb]"]	0.2	1.0	True
LYPLAL1--PHF14	2	LYPLAL1	3277	chr1:219179246:+	PHF14	36301	chr7:11110525:+	ONLY_REF_SPLICE	0.2	["INTERCHROMOSOMAL[chr1--chr7]"]	0.2	1.0	True
LAMP1--TBCB	2	LAMP1	1132	chr13:113297372:+	TBCB	20886	chr19:36121670:+	INCL_NON_REF_SPLICE	0.2	["INTERCHROMOSOMAL[chr13--chr19]"]	0.2	1.0	True
LY6E--U2AF1	2	LY6E	5291	chr8:143022414:+	U2AF1	33216	chr21:6484821:-	INCL_NON_REF_SPLICE	0.2	["INTERCHROMOSOMAL[chr8--chr21]"]	0.2	1.0	True
LSM5--RPL23	2	LSM5	3860	chr7:32489297:-	RPL23	14455	chr17:38850214:-	INCL_NON_REF_SPLICE	0.2	["INTERCHROMOSOMAL[chr7--chr17]"]	0.2	1.0	True
LYPLA1--BCAP31	2	LYPLA1	5983	chr8:54062250:-	BCAP31	24623	chrX:153700809:-	INCL_NON_REF_SPLICE	0.2	["INTERCHROMOSOMAL[chr8--chrX]"]	0.2	1.0	True
LRRC75A-AS1--THAP4	2	LRRC75A-AS1	1593	chr17:16439414:+	THAP4	17965	chr2:241606473:-	ONLY_REF_SPLICE	0.2	["INTERCHROMOSOMAL[chr17--chr2]"]	0.2	1.0	True
LINC01322--BCHE	2	LINC01322	9293	chr3:165581054:+	BCHE	21614	chr3:165786311:-	ONLY_REF_SPLICE	0.2	["INTRACHROMOSOMAL[chr3:0.12Mb]"]	0.2	1.0	True
LAMTOR4--NDUFA11	2	LAMTOR4	1659	chr7:100149565:+	NDUFA11	12556	chr19:5896997:-	ONLY_REF_SPLICE	0.2	["INTERCHROMOSOMAL[chr7--chr19]"]	0.2	1.0	True
LRRC75A-AS1--PHF14	2	LRRC75A-AS1	1593	chr17:16439414:+	PHF14	37718	chr7:11111350:+	ONLY_REF_SPLICE	0.2	["INTERCHROMOSOMAL[chr17--chr7]"]	0.2	1.0	True
LDHB--HSP90B1	2	LDHB	6522	chr12:21646977:-	HSP90B1	28390	chr12:103947318:+	INCL_NON_REF_SPLICE	0.2	["INTRACHROMOSOMAL[chr12:82.17Mb]"]	0.2	1.0	True
LINC00294--HNRNPA3	2	LINC00294	4183	chr11:33079331:+	HNRNPA3	11946	chr2:177219060:+	INCL_NON_REF_SPLICE	0.2	["INTERCHROMOSOMAL[chr11--chr2]"]	0.2	1.0	True
LCORL--TXN	2	LCORL	3980	chr4:17963482:-	TXN	26629	chr9:110244192:-	INCL_NON_REF_SPLICE	0.2	["INTERCHROMOSOMAL[chr4--chr9]"]	0.2	1.0	True
LINC01534--SLC50A1	2	LINC01534	2720	chr19:36685730:-	SLC50A1	9399	chr1:155138732:+	INCL_NON_REF_SPLICE	0.2	["INTERCHROMOSOMAL[chr19--chr1]"]	0.2	1.0	True
LRR1--RAB35	2	LRR1	1764	chr14:49599460:+	RAB35	13661	chr12:120116765:-	INCL_NON_REF_SPLICE	0.2	["INTERCHROMOSOMAL[chr14--chr12]"]	0.2	1.0	True
LRRC75A-AS1--EBPL	2	LRRC75A-AS1	1593	chr17:16439414:+	EBPL	18016	chr13:49663195:-	ONLY_REF_SPLICE	0.2	["INTERCHROMOSOMAL[chr17--chr13]"]	0.2	1.0	True
LRRC75A-AS1--HSPE1	2	LRRC75A-AS1	3802	chr17:16441623:+	HSPE1	15816	chr2:197503094:+	INCL_NON_REF_SPLICE	0.2	["INTERCHROMOSOMAL[chr17--chr2]"]	0.2	1.0	True
LRRC75A-AS1--NOL11	2	LRRC75A-AS1	1593	chr17:16439414:+	NOL11	27528	chr17:67743479:+	ONLY_REF_SPLICE	0.2	["INTRACHROMOSOMAL[chr17:51.24Mb]"]	0.2	1.0	True
EIF2S1--NBEAP3	1	EIF2S1	3739	chr14:67365008:+	NBEAP3	17163	chr22:15859050:+	ONLY_REF_SPLICE	0.1	["INTERCHROMOSOMAL[chr14--chr22]"]	0.7	0.14285714285714288	True
EMC1--AKR7A3	1	EMC1	18024	chr1:19222624:-	AKR7A3	29740	chr1:19286372:-	ONLY_REF_SPLICE	0.1	["CCLE_StarF2019","INTRACHROMOSOMAL[chr1:0.03Mb]","LOCAL_REARRANGEMENT:-:[31006]"]	0.1	1.0	True
MZB1--UBE2D2	1	MZB1	1402	chr5:139389680:-	UBE2D2	14577	chr5:139626756:+	ONLY_REF_SPLICE	0.1	["INTRACHROMOSOMAL[chr5:0.14Mb]"]	0.2	0.5	True
PPIB--CCDC91	1	PPIB	3259	chr15:64160104:-	CCDC91	35133	chr12:28549063:+	ONLY_REF_SPLICE	0.1	["INTERCHROMOSOMAL[chr15--chr12]"]	0.1	1.0	True
RPN2--GAS5	1	RPN2	3154	chr20:37184373:+	GAS5	29090	chr1:173864506:-	ONLY_REF_SPLICE	0.1	["INTERCHROMOSOMAL[chr20--chr1]"]	0.1	1.0	True
SLC7A1--OAZ1	1	SLC7A1	1273	chr13:29595416:-	OAZ1	24903	chr19:2271385:+	ONLY_REF_SPLICE	0.1	["INTERCHROMOSOMAL[chr13--chr19]"]	0.1	1.0	True
SNHG5--TOMM20	1	SNHG5	1783	chr6:85677954:-	TOMM20	11224	chr1:235122372:-	ONLY_REF_SPLICE	0.1	["INTERCHROMOSOMAL[chr6--chr1]"]	0.1	1.0	True
UQCRB--RPS20	1	UQCRB	3479	chr8:96233156:-	RPS20	15025	chr8:56073272:-	ONLY_REF_SPLICE	0.1	["INTRACHROMOSOMAL[chr8:40.15Mb]"]	0.2	0.5	True
